id,school_name,state,school_type,grade_level,funding_per_student_usd,avg_test_score_percent,student_teacher_ratio,percent_low_income,percent_minority,internet_access_percent,dropout_rate_percent
1,Bowman High School,Michigan,Private,High,9575.8,47.1,17.5,30.0,44.0,74.1,3.59
2,Foster High School,Michigan,Charter,Middle,16733.1,40.0,24.2,93.5,40.1,79.9,9.26
3,Henson High School,New York,Public,Middle,24890.74,50.8,27.0,58.1,35.8,51.1,9.08
4,Weaver High School,Texas,Private,Elementary,6857.49,40.0,26.2,82.7,72.0,55.5,13.51
5,King Elementary School,Michigan,Public,Elementary,16910.73,40.1,20.2,41.4,16.1,57.8,6.89
6,Olson Elementary School,Pennsylvania,Private,Elementary,14930.51,40.0,26.8,64.5,12.6,70.1,9.17
7,Williams Middle School,Georgia,Public,Middle,15914.06,42.8,28.4,30.1,76.8,63.0,8.85
8,Boyd High School,Georgia,Private,High,24162.52,58.2,23.4,66.2,33.9,90.4,4.35
9,Fox Middle School,New York,Charter,High,6962.53,55.6,11.5,15.7,48.6,98.1,0.5
10,Garcia High School,New York,Charter,Middle,19092.17,40.0,14.9,89.3,94.3,54.9,11.97
11,Lucero Middle School,Georgia,Private,High,6285.37,40.0,12.7,77.7,40.7,73.1,5.78
12,Cline Middle School,Illinois,Charter,Middle,14346.55,59.8,23.7,26.2,25.4,97.5,2.34
13,Smith High School,California,Public,High,22343.11,64.3,13.9,61.8,13.7,88.3,1.14
14,Acosta Middle School,New York,Charter,Elementary,10266.69,53.9,10.1,74.3,51.2,96.1,1.0
15,Luna Elementary School,North Carolina,Private,Middle,10802.16,40.0,28.4,63.3,64.5,65.4,9.24
16,Mccann High School,Illinois,Private,High,13292.01,40.0,26.7,92.7,20.0,66.6,10.27
17,Allen High School,Michigan,Charter,Elementary,23644.5,57.1,26.7,40.4,72.3,77.4,5.63
18,Salinas High School,Texas,Public,Middle,18044.06,46.7,25.7,54.7,58.7,88.1,5.88
19,Morris High School,Pennsylvania,Private,Elementary,7851.38,40.0,21.9,82.1,53.5,63.5,10.26
20,Townsend Middle School,Pennsylvania,Public,Elementary,13440.79,47.6,16.8,75.1,19.2,85.9,6.15
21,Moss Elementary School,Michigan,Charter,Elementary,17500.61,57.3,18.8,37.7,80.3,95.1,2.55
22,Johnson Elementary School,Georgia,Public,Elementary,9020.39,43.0,14.0,37.6,36.4,72.4,4.37
23,Ward Middle School,Georgia,Private,Elementary,7094.65,40.0,25.4,53.6,42.5,65.4,9.17
24,Chan Middle School,Michigan,Private,Middle,8923.15,40.0,14.8,58.0,87.4,60.3,9.06
25,Foley Elementary School,Texas,Private,Middle,20187.31,41.8,27.7,63.8,14.3,57.9,7.43
26,Vang Elementary School,Illinois,Public,Middle,15223.64,44.3,18.7,34.7,39.8,54.5,6.0
27,Johnson High School,Texas,Public,High,21981.75,42.5,25.4,93.7,49.8,59.2,9.78
28,West Middle School,Georgia,Private,High,10043.98,40.0,13.1,91.4,23.7,68.5,8.6
29,Gray Elementary School,Georgia,Private,High,12912.16,40.0,24.4,60.9,33.0,61.8,9.23
30,Gonzales Elementary School,Texas,Public,Middle,23559.56,68.6,17.4,37.8,27.1,87.4,1.7
31,Reed High School,New York,Charter,Middle,15304.77,64.2,21.2,10.8,32.4,76.7,2.09
32,Rodriguez High School,Pennsylvania,Public,High,7989.19,41.5,14.4,57.9,87.3,89.4,5.41
33,Wilson High School,Georgia,Charter,High,19374.92,43.6,19.2,82.5,30.7,65.3,8.56
34,Barker Middle School,North Carolina,Private,Elementary,18227.52,44.4,22.0,27.1,73.9,56.3,7.56
35,Sanchez Elementary School,Illinois,Private,Elementary,14938.49,41.1,28.7,90.7,60.1,89.3,9.52
36,Mendoza High School,Illinois,Public,High,13059.74,52.9,14.8,80.5,44.7,93.2,4.68
37,Chambers Elementary School,Georgia,Public,Elementary,17312.81,53.5,11.2,61.9,69.5,79.8,5.43
38,Anderson Middle School,California,Charter,Elementary,9326.02,40.0,16.7,74.3,49.5,67.5,7.85
39,Wallace Middle School,North Carolina,Charter,Middle,19531.96,51.7,26.0,28.1,19.7,74.8,5.16
40,Morales Middle School,Georgia,Private,Middle,10648.17,40.0,19.5,93.6,10.2,65.8,10.82
41,Rodriguez High School,Pennsylvania,Private,High,19522.7,54.9,12.0,91.1,12.1,73.1,4.99
42,Harrington Middle School,California,Public,Elementary,8089.92,40.0,27.5,60.7,39.3,57.8,11.53
43,Moore Middle School,Georgia,Charter,Middle,8623.83,40.0,13.1,93.6,19.8,67.6,9.58
44,Nelson High School,California,Charter,High,9240.59,52.1,14.7,34.6,84.0,97.0,1.6
45,Zamora High School,Pennsylvania,Private,High,5025.47,40.0,17.9,54.8,31.3,67.2,5.96
46,Stevenson Middle School,California,Charter,High,14815.59,64.2,12.5,14.4,92.1,99.0,0.5
47,Bruce High School,Georgia,Charter,Elementary,7032.22,40.0,22.0,87.8,9.4,71.3,8.84
48,Wilson Elementary School,Ohio,Public,Elementary,11139.07,41.8,19.6,66.3,15.1,72.4,7.75
49,Lang Elementary School,California,Private,Elementary,21910.63,60.8,20.4,25.7,64.5,70.0,2.2
50,Davis Elementary School,Florida,Charter,Middle,8712.23,40.0,28.5,54.1,78.7,80.1,9.12
51,Young Middle School,Michigan,Private,Middle,10993.24,40.0,17.0,61.3,17.9,57.3,6.44
52,Harris Elementary School,Ohio,Private,Middle,23247.72,64.5,16.2,12.1,64.6,60.8,1.73
53,Anderson Middle School,North Carolina,Public,Middle,18681.54,48.2,10.0,87.7,25.6,79.9,5.85
54,Pearson High School,California,Private,Middle,12555.39,40.0,28.7,79.1,50.4,76.2,13.39
55,Petersen Middle School,New York,Private,High,21626.14,54.1,18.1,81.7,50.7,90.9,4.02
56,Mann Elementary School,Texas,Private,Middle,7857.37,40.0,16.0,83.1,93.0,54.0,13.07
57,Vincent High School,Florida,Private,Elementary,8653.6,40.0,17.2,33.1,69.6,54.9,7.17
58,Campbell Elementary School,Pennsylvania,Charter,Middle,17500.22,63.4,13.8,43.5,93.5,88.6,2.4
59,Dickerson Middle School,Ohio,Public,Middle,7090.83,40.0,12.3,79.1,73.7,63.9,9.01
60,Williamson Middle School,Florida,Charter,High,18628.55,53.5,13.6,72.5,83.8,73.3,7.05
61,King Elementary School,Illinois,Public,Elementary,11599.39,40.0,15.1,89.1,17.7,61.9,9.13
62,Contreras Elementary School,Pennsylvania,Private,Middle,15336.22,47.5,12.6,69.2,35.4,72.5,7.5
63,Schwartz Middle School,Illinois,Charter,Middle,9241.06,40.0,17.9,71.5,86.0,70.9,8.38
64,Lynch High School,Illinois,Charter,Elementary,15056.81,64.1,14.7,20.4,20.0,88.9,0.5
65,Martin Middle School,North Carolina,Charter,Elementary,23787.56,62.6,18.4,40.8,94.8,77.9,3.02
66,Rowe High School,New York,Private,High,9839.32,48.4,16.0,55.9,22.4,80.0,4.2
67,Parker Elementary School,Ohio,Charter,Elementary,13670.08,46.0,29.4,45.6,28.8,92.9,3.93
68,Dean Middle School,Georgia,Charter,High,10475.16,51.1,10.2,59.4,46.8,97.4,2.43
69,Hamilton Middle School,Texas,Private,Middle,6940.05,40.0,23.3,56.2,29.6,67.2,9.76
70,Wilson Elementary School,Florida,Public,Elementary,9927.3,49.0,26.9,12.3,49.9,94.9,1.88
71,Ward High School,Ohio,Private,Elementary,8114.34,40.0,27.3,28.6,41.3,53.0,8.04
72,Mann Elementary School,North Carolina,Public,High,6576.76,40.0,19.3,59.5,35.1,86.9,4.29
73,Anderson Middle School,Pennsylvania,Charter,Middle,7681.0,40.6,11.1,60.3,25.3,79.2,4.29
74,Howard Elementary School,Illinois,Private,High,15499.02,55.6,12.0,88.6,22.4,95.7,1.9
75,Powell High School,Illinois,Private,Elementary,8211.36,41.6,20.6,34.9,41.9,72.5,4.25
76,Boyd Elementary School,Michigan,Public,High,12311.0,43.5,20.7,27.6,81.7,57.0,7.2
77,Rios High School,Georgia,Public,Elementary,13331.98,41.8,24.3,48.2,11.6,69.7,8.38
78,Garcia High School,Pennsylvania,Private,High,24602.03,58.7,13.5,71.2,71.6,73.5,8.98
79,Scott Elementary School,North Carolina,Public,Elementary,19298.9,65.6,15.1,19.7,16.9,75.5,0.5
80,Moore High School,Pennsylvania,Private,High,19502.61,60.8,20.3,39.4,35.8,96.4,2.93
81,Warren High School,Georgia,Public,Middle,20087.92,46.5,16.0,76.4,39.2,50.4,9.7
82,Mendoza High School,California,Public,Middle,6934.67,40.0,28.7,93.3,14.0,98.4,8.46
83,Mcdonald High School,Illinois,Public,High,23377.05,67.2,19.1,23.1,37.4,90.5,0.5
84,Richardson Middle School,North Carolina,Private,Middle,22787.89,59.1,10.2,80.6,37.2,82.8,4.12
85,Henry Middle School,North Carolina,Private,Elementary,19248.09,40.0,25.8,75.3,11.0,66.4,9.9
86,Nichols High School,Michigan,Charter,Middle,13328.58,62.7,10.3,18.3,46.3,87.2,0.5
87,Porter High School,Georgia,Private,High,17792.38,44.3,27.9,76.0,92.2,97.5,6.64
88,Reynolds Elementary School,Texas,Private,Elementary,23875.89,64.8,14.6,30.9,83.5,78.9,0.5
89,Ross Middle School,Illinois,Charter,Elementary,21258.7,52.9,11.5,82.4,61.7,64.9,8.13
90,Johnson Middle School,Illinois,Charter,High,12828.81,40.0,27.2,71.2,82.2,56.8,11.77
91,Tran Elementary School,Georgia,Private,Elementary,22304.35,65.0,11.8,31.8,9.1,59.9,0.88
92,Thompson High School,Pennsylvania,Private,Middle,21671.06,65.8,16.6,13.1,18.0,75.1,0.5
93,Floyd Middle School,Michigan,Charter,High,9254.95,53.1,16.0,19.9,9.8,90.4,0.6
94,Ellis Elementary School,Illinois,Private,High,13014.56,47.3,16.2,82.8,60.7,97.5,5.82
95,Clark Elementary School,Illinois,Charter,High,22655.31,52.0,26.4,11.1,82.8,75.4,3.3
96,Porter Middle School,North Carolina,Charter,Middle,15320.99,40.0,12.9,80.4,80.1,63.5,10.74
97,Barnes High School,New York,Public,Elementary,9815.54,40.0,23.8,66.9,21.4,67.9,10.65
98,Rhodes High School,Pennsylvania,Public,Elementary,7179.17,40.0,26.9,75.2,23.3,87.0,8.76
99,Jackson High School,Michigan,Public,Elementary,10909.43,54.0,21.9,24.7,43.5,95.9,2.41
100,Richardson Elementary School,New York,Charter,High,18018.42,65.1,10.1,26.5,11.2,92.9,0.5
101,Robinson High School,California,Public,Middle,21416.89,53.8,18.9,54.6,63.4,77.0,6.69
102,Cardenas Middle School,Pennsylvania,Public,High,22558.79,72.5,10.7,49.6,22.6,86.1,0.5
103,Anderson High School,Pennsylvania,Charter,Elementary,21093.21,47.5,10.4,94.5,76.1,66.3,9.5
104,Castro Middle School,Georgia,Public,Elementary,10283.84,40.5,18.7,47.7,50.7,57.6,8.38
105,Perez Middle School,Florida,Public,High,8959.61,40.0,27.4,47.1,14.5,74.5,5.77
106,Dougherty High School,Florida,Private,Middle,14311.95,50.5,22.4,16.1,66.3,77.8,4.1
107,Allen High School,California,Charter,High,21306.52,53.5,20.2,59.3,60.5,89.2,3.09
108,Parker Elementary School,Michigan,Charter,Middle,6850.98,40.0,26.1,14.4,90.0,59.4,6.28
109,Davis High School,North Carolina,Private,Elementary,20832.55,66.6,21.1,23.5,64.7,91.8,2.12
110,Matthews High School,Pennsylvania,Charter,Middle,7203.75,40.0,22.2,65.0,49.4,58.6,10.78
111,Serrano Elementary School,Florida,Public,Middle,24516.83,56.7,11.0,85.7,63.4,65.9,8.85
112,King Elementary School,New York,Public,Middle,15111.72,43.0,25.9,35.5,25.5,55.5,7.35
113,Sandoval High School,Texas,Public,Elementary,21290.9,50.1,24.2,19.3,61.0,57.3,4.48
114,Mack Middle School,North Carolina,Charter,Middle,23726.88,60.7,14.1,36.1,35.0,79.2,1.13
115,White High School,Michigan,Charter,High,20476.62,59.4,14.3,70.9,52.8,92.3,3.54
116,Campbell High School,Michigan,Charter,High,23693.55,56.6,15.8,86.4,46.1,88.9,5.54
117,Williams Elementary School,Pennsylvania,Private,Elementary,17265.5,59.8,22.8,25.2,83.8,99.9,2.64
118,Lewis High School,California,Public,Middle,8966.89,47.1,13.7,40.8,92.6,87.4,2.98
119,Joseph Elementary School,Georgia,Public,High,23643.31,57.4,22.5,41.8,94.6,58.1,7.61
120,Romero High School,Texas,Private,Middle,8508.05,40.0,18.6,49.5,14.2,69.1,4.87
121,Acosta Elementary School,Georgia,Charter,High,22585.27,40.0,22.3,68.2,82.0,50.8,12.02
122,Miller High School,North Carolina,Charter,High,13726.37,52.1,12.6,47.3,21.4,72.2,3.3
123,Roth High School,Ohio,Public,Elementary,13895.47,44.4,21.3,35.7,84.8,66.1,5.86
124,Hardy High School,California,Public,Middle,24831.12,56.1,17.4,81.2,80.7,63.3,8.36
125,Salinas High School,Florida,Public,High,22279.35,59.6,16.1,58.7,58.7,72.7,4.64
126,Lawrence High School,Ohio,Private,Elementary,23941.09,48.6,28.1,56.5,26.8,52.8,9.21
127,Dennis Elementary School,Pennsylvania,Private,Middle,8738.09,40.0,24.9,93.7,39.8,69.5,13.45
128,Martin High School,Illinois,Public,High,8058.53,40.0,16.5,41.7,56.6,53.2,7.33
129,Bennett High School,North Carolina,Public,High,23776.86,52.6,20.4,45.4,11.0,55.3,5.85
130,Reid High School,Florida,Charter,Elementary,24278.72,62.0,12.4,33.1,56.4,72.6,0.5
131,Cunningham Elementary School,Texas,Private,Middle,21151.04,50.0,20.3,77.4,94.0,87.1,6.35
132,Collier Middle School,Ohio,Charter,High,8188.12,40.0,29.4,62.2,6.1,84.1,7.25
133,Wood Middle School,Pennsylvania,Charter,High,17062.45,40.0,23.0,77.9,21.1,50.4,10.39
134,Estes Middle School,New York,Charter,Middle,15863.7,41.7,14.9,63.9,80.4,58.3,10.36
135,Gregory Middle School,Texas,Private,High,21222.37,63.0,15.2,11.7,28.7,84.1,0.5
136,Mcknight Middle School,Texas,Public,Middle,8611.18,40.0,25.8,88.2,75.8,96.2,10.66
137,Rhodes High School,Georgia,Public,Elementary,22326.19,49.3,25.1,81.6,19.0,70.2,9.05
138,Anderson Middle School,Ohio,Charter,Elementary,15356.64,42.6,26.2,86.7,28.0,76.9,9.83
139,Bridges Middle School,California,Charter,High,6458.54,40.0,18.1,86.2,79.2,64.9,10.5
140,Kim High School,Ohio,Private,Elementary,11620.99,57.0,25.3,55.5,68.8,98.9,4.29
141,Fisher Elementary School,Michigan,Public,Elementary,22278.46,51.8,22.2,39.9,59.0,53.4,9.35
142,Williams Middle School,New York,Private,Elementary,20737.9,41.3,15.1,86.8,94.1,63.2,7.61
143,Martin Middle School,North Carolina,Private,Elementary,17928.65,40.0,26.1,36.3,19.6,56.0,5.51
144,Garcia Elementary School,Georgia,Private,Middle,19652.98,48.9,21.0,59.1,62.2,66.1,7.02
145,Summers Elementary School,Florida,Public,Middle,17131.1,45.9,12.4,84.1,47.6,76.5,6.94
146,Foster Elementary School,Florida,Charter,Middle,14572.64,40.0,15.5,78.9,58.9,56.9,10.73
147,Sandoval Elementary School,Michigan,Private,Elementary,24309.49,50.7,19.9,80.9,70.5,76.6,8.7
148,Sanders Middle School,California,Public,Elementary,7146.62,40.0,22.6,82.3,32.4,95.9,6.7
149,Cooper High School,Pennsylvania,Charter,Middle,19270.47,56.5,10.5,90.9,50.4,78.7,7.08
150,Cunningham High School,Florida,Private,High,12573.85,40.0,29.5,45.4,69.1,72.5,9.9
151,Lara Elementary School,Michigan,Private,Middle,9205.86,40.2,29.3,45.0,35.5,90.1,6.36
152,Newman High School,Illinois,Charter,Middle,23583.79,40.9,24.5,72.0,50.6,53.3,12.41
153,Friedman Middle School,California,Charter,High,18367.64,40.0,25.6,71.0,72.6,60.9,11.49
154,Ramos Middle School,Florida,Private,High,5445.04,40.0,18.4,58.1,41.4,65.1,6.97
155,Miller Elementary School,California,Public,High,17055.54,49.0,23.6,74.2,82.7,99.4,7.3
156,Wells High School,Florida,Charter,Elementary,24789.13,77.3,17.3,51.4,15.0,99.5,0.5
157,Carr Middle School,North Carolina,Public,Middle,23950.2,71.2,11.2,27.4,80.8,89.0,0.5
158,Richmond Middle School,California,Charter,High,14361.85,49.6,16.2,93.3,88.8,96.5,8.63
159,Hernandez High School,Pennsylvania,Public,Middle,20297.82,58.4,24.8,25.0,78.0,95.0,0.5
160,Williams High School,Ohio,Charter,Middle,9745.76,40.0,10.7,74.7,44.4,56.7,6.63
161,Vaughan Middle School,Georgia,Public,Middle,11671.8,40.0,29.8,77.7,13.8,94.5,6.58
162,White Elementary School,Pennsylvania,Private,High,19901.98,52.4,19.5,83.1,36.1,97.0,4.9
163,Kim Middle School,Ohio,Charter,Elementary,22207.53,65.4,14.9,70.8,63.5,80.7,4.0
164,Benton Elementary School,Florida,Charter,Elementary,9819.27,47.2,23.2,16.4,92.9,99.8,0.5
165,Smith Middle School,Georgia,Public,Elementary,14711.34,64.8,11.4,25.0,71.8,94.2,0.5
166,Smith Elementary School,Illinois,Charter,Elementary,19639.17,43.5,20.0,53.2,47.7,55.8,7.25
167,James Elementary School,North Carolina,Private,Middle,16003.49,40.0,27.3,66.6,83.7,56.9,14.72
168,Griffin High School,Georgia,Public,Elementary,22878.6,63.3,14.5,48.8,29.5,74.5,4.78
169,Mason Elementary School,North Carolina,Public,Elementary,11847.26,40.0,16.5,69.4,89.2,50.1,10.13
170,Clark High School,Texas,Charter,High,15464.38,63.7,12.2,21.6,41.8,93.7,0.5
171,Baker Middle School,California,Private,Middle,15304.36,47.9,28.3,34.1,36.1,88.6,3.08
172,Murphy Elementary School,California,Charter,High,24586.36,68.4,26.4,25.2,34.0,94.1,0.5
173,Copeland Elementary School,Pennsylvania,Public,High,11524.75,40.0,23.9,50.0,73.7,74.7,7.64
174,Valencia High School,Florida,Private,Elementary,17027.39,52.0,28.5,32.2,17.9,98.8,1.36
175,Willis High School,California,Charter,Elementary,24312.09,64.1,15.4,34.0,86.1,95.7,0.5
176,Montgomery High School,North Carolina,Private,Middle,12007.89,40.0,26.0,26.3,68.9,58.0,5.96
177,Wang Elementary School,Georgia,Public,Elementary,21233.23,67.1,16.6,22.0,69.9,73.1,0.54
178,Gardner Middle School,Georgia,Private,Elementary,22529.03,50.7,25.6,36.7,65.4,57.9,7.68
179,Keller Middle School,Michigan,Public,Elementary,11432.46,40.0,18.4,78.0,65.2,66.1,10.05
180,Reese Middle School,North Carolina,Private,Elementary,20022.97,56.7,20.0,41.0,67.3,78.3,4.63
181,Ali Elementary School,Michigan,Public,Elementary,14364.22,44.8,16.9,93.4,7.9,63.9,7.56
182,Flores High School,New York,Public,Elementary,11239.13,40.0,28.4,79.5,26.7,54.6,13.14
183,Davidson Elementary School,North Carolina,Charter,Elementary,19037.35,46.2,22.4,74.0,46.1,77.7,6.98
184,Chung Middle School,Ohio,Charter,High,10080.98,47.4,28.1,14.1,19.5,70.0,5.16
185,Fleming Elementary School,Georgia,Charter,High,13012.56,54.2,18.8,28.6,58.4,85.9,2.2
186,Howard Elementary School,Texas,Private,Middle,9283.35,48.0,28.3,20.1,55.2,79.6,2.96
187,Mcneil Middle School,Georgia,Charter,Elementary,18360.27,43.8,17.1,90.5,12.0,58.5,9.29
188,Riggs Middle School,California,Private,High,9145.94,40.0,21.4,85.4,74.3,81.2,9.92
189,Rivera Middle School,Georgia,Public,Elementary,19936.86,40.0,29.7,90.7,38.3,82.7,11.43
190,Hansen Middle School,New York,Charter,High,15596.42,54.9,15.1,83.5,25.5,81.4,5.41
191,Johnson Elementary School,Michigan,Private,High,19153.5,63.9,23.5,23.2,82.2,85.5,4.1
192,Harris Middle School,Texas,Public,High,21107.26,50.8,19.7,86.5,68.0,87.3,8.62
193,Moreno Middle School,California,Charter,Elementary,24558.03,53.2,16.7,92.0,62.3,79.9,7.33
194,Hughes Elementary School,Florida,Charter,Elementary,5940.64,49.3,13.7,53.4,39.4,87.1,4.06
195,Rodriguez High School,Florida,Public,Elementary,23919.94,48.2,28.3,19.3,36.7,50.7,9.37
196,Whitaker High School,Georgia,Public,High,11915.53,40.0,29.9,55.9,60.4,79.1,11.1
197,Peterson Elementary School,Florida,Public,Middle,17941.97,54.5,20.7,19.0,54.1,60.9,2.73
198,Herrera Middle School,Illinois,Public,Elementary,16233.73,44.5,26.4,40.4,43.4,71.2,5.69
199,Morris Middle School,North Carolina,Private,Middle,14673.39,46.9,11.9,59.1,82.0,69.1,7.93
200,Rodriguez Middle School,Georgia,Public,Middle,24699.08,59.0,17.4,65.5,49.0,79.1,3.62
201,Morris High School,Texas,Private,High,24394.93,66.5,19.0,23.3,80.1,81.6,0.5
202,Jennings Elementary School,North Carolina,Public,Middle,8665.12,40.0,23.8,90.7,92.7,61.1,12.18
203,Howell Elementary School,Ohio,Private,Middle,23743.27,49.3,28.0,46.7,19.3,52.3,9.06
204,Robles Elementary School,Georgia,Charter,High,18992.39,61.7,28.3,22.0,8.6,90.1,1.29
205,Hanson High School,Florida,Private,High,24125.34,47.1,20.5,71.3,9.7,69.9,6.52
206,Kidd Elementary School,Illinois,Private,High,9904.18,40.0,19.1,81.0,66.2,67.2,9.09
207,Collins High School,Texas,Public,High,11235.08,41.2,24.3,29.1,85.4,83.0,4.62
208,Freeman High School,California,Charter,High,6769.82,40.0,13.7,21.9,34.4,64.2,2.7
209,Taylor Elementary School,Texas,Private,Elementary,7955.0,40.0,15.1,66.7,9.0,78.5,8.42
210,Hernandez Middle School,Texas,Charter,Elementary,5077.03,40.0,15.4,70.6,50.7,67.8,8.32
211,Vance High School,Florida,Charter,Elementary,14544.25,46.0,20.9,64.1,17.3,64.4,8.68
212,Johnson High School,North Carolina,Private,High,22721.18,58.8,16.6,35.1,22.7,77.7,1.35
213,Smith Middle School,Illinois,Public,Middle,5908.09,40.0,25.3,89.1,24.4,56.6,11.79
214,Jones Elementary School,Florida,Private,Elementary,18000.5,53.0,10.5,80.4,68.1,89.6,3.78
215,Jackson Elementary School,Georgia,Charter,Middle,21737.44,58.8,12.3,77.6,37.3,88.0,0.55
216,Jones High School,Michigan,Charter,Middle,20653.06,55.6,11.6,55.3,51.2,51.5,4.41
217,Brown Middle School,New York,Private,High,12785.11,47.1,12.9,74.1,54.2,76.6,4.05
218,Salinas Elementary School,California,Private,High,16918.75,61.9,30.0,22.8,42.0,99.5,0.5
219,Gentry Middle School,Florida,Charter,Middle,24210.69,57.9,14.9,45.7,93.3,67.6,3.52
220,Murphy Elementary School,Florida,Public,Elementary,14601.12,40.0,18.2,71.7,70.1,69.7,10.4
221,Padilla Elementary School,Illinois,Public,Middle,12860.85,41.3,16.6,70.0,83.3,77.1,7.69
222,Gomez High School,Illinois,Private,Elementary,17205.66,55.1,14.9,64.0,21.0,81.1,5.45
223,Johnson High School,Michigan,Private,Elementary,22953.03,58.9,25.4,57.6,33.8,90.1,4.96
224,Atkinson High School,Michigan,Charter,High,9293.73,40.0,10.5,94.9,22.7,81.1,7.98
225,Whitehead High School,Texas,Charter,Middle,10283.75,44.1,19.5,44.9,55.1,78.9,4.21
226,Morgan Elementary School,Illinois,Public,Elementary,23849.9,53.8,27.2,63.7,32.1,75.6,7.87
227,Griffin High School,Illinois,Public,Middle,12601.78,50.6,19.1,90.8,48.5,84.1,8.46
228,Parker Elementary School,North Carolina,Charter,Middle,7991.43,59.4,12.2,14.0,29.3,78.2,0.5
229,Williams Middle School,Florida,Public,Middle,20918.3,50.5,23.6,68.8,11.8,83.9,6.69
230,Harper Elementary School,Illinois,Charter,Elementary,13852.19,53.8,10.6,13.5,42.8,62.6,2.1
231,Robertson Elementary School,California,Private,Elementary,23073.35,62.3,23.9,19.9,46.8,99.2,0.5
232,Martinez Elementary School,Illinois,Charter,Elementary,14567.8,46.8,16.6,20.4,76.8,62.3,3.23
233,Moore High School,Michigan,Charter,Middle,8480.82,40.0,25.6,36.5,78.5,74.1,5.78
234,Martinez High School,Florida,Private,High,14946.91,45.0,25.1,64.5,94.2,77.0,8.97
235,Meyer Middle School,California,Charter,Middle,7547.66,43.2,14.4,45.0,29.1,83.8,3.75
236,Reynolds Middle School,Florida,Public,Middle,22070.74,57.5,25.7,11.3,32.1,72.6,1.73
237,Jones High School,Pennsylvania,Public,High,22237.67,53.2,11.0,45.8,74.2,76.0,3.46
238,Pham Elementary School,Florida,Private,High,17741.01,40.0,29.2,79.9,27.6,51.7,13.3
239,Garcia Middle School,Illinois,Public,High,20007.31,57.8,20.2,42.3,45.4,97.7,2.52
240,Cantrell Elementary School,Michigan,Public,Middle,9137.27,40.2,14.9,28.3,82.7,64.4,7.3
241,Fleming High School,Texas,Private,Elementary,14936.28,40.0,18.6,80.6,75.6,68.3,11.38
242,Whitney Middle School,New York,Public,High,12748.31,48.1,22.6,10.5,8.7,62.1,2.32
243,Moran Elementary School,Michigan,Private,Middle,21663.2,42.7,19.7,81.3,20.7,67.8,10.83
244,Finley Middle School,New York,Private,Middle,8507.94,40.0,21.1,88.9,34.4,71.8,9.2
245,Jones Elementary School,Texas,Private,High,13648.08,48.6,26.4,83.7,49.8,88.8,9.49
246,Patton High School,Georgia,Private,Middle,5291.51,40.0,20.0,15.5,38.8,53.7,5.73
247,Carter High School,North Carolina,Charter,High,11431.13,40.0,29.3,68.4,31.9,53.3,11.15
248,Irwin Middle School,Ohio,Charter,High,18887.66,54.6,21.2,55.0,30.3,60.0,4.62
249,Price Elementary School,Texas,Public,Elementary,6314.74,40.0,29.9,59.2,65.5,62.3,10.59
250,Obrien Middle School,California,Public,Elementary,17592.66,49.6,19.9,63.3,34.0,92.0,2.69
251,Hatfield High School,Georgia,Charter,Elementary,17849.84,40.0,17.8,90.8,44.3,61.4,11.73
252,Holden Middle School,North Carolina,Charter,Middle,8801.29,40.0,23.3,61.5,33.5,70.1,10.06
253,Cochran Middle School,Florida,Charter,Middle,17140.7,58.4,13.4,34.6,34.2,54.1,2.93
254,Oneill High School,Georgia,Private,Middle,7322.19,40.0,11.0,75.1,47.9,62.1,8.32
255,Sanchez Middle School,Florida,Private,Middle,18844.58,40.0,28.7,84.0,53.8,57.4,11.93
256,Nicholson Middle School,Georgia,Private,Elementary,21022.55,54.2,22.9,22.8,58.0,52.8,5.1
257,Cox Elementary School,Pennsylvania,Private,High,22150.69,57.4,20.9,44.6,59.6,72.5,5.88
258,Banks High School,New York,Public,Elementary,24465.35,53.6,20.1,49.8,89.1,67.4,6.64
259,Pitts High School,Ohio,Private,Middle,8791.72,46.8,16.7,31.3,43.3,81.3,4.99
260,Carr High School,Ohio,Private,High,13182.4,49.8,17.2,24.0,85.7,93.2,1.2
261,Carpenter Elementary School,Pennsylvania,Charter,Elementary,21550.7,61.4,18.3,54.0,31.6,93.1,3.36
262,Bell High School,Florida,Private,Middle,5999.14,40.0,24.7,94.6,66.4,88.6,10.09
263,Padilla High School,Georgia,Public,Elementary,13988.66,40.0,29.9,36.6,76.2,66.8,9.71
264,Jones Middle School,New York,Private,Middle,11222.47,40.0,26.2,88.3,5.0,63.9,10.48
265,Freeman High School,Ohio,Private,Middle,19274.69,56.3,10.2,39.6,27.2,50.5,4.01
266,Brady Elementary School,Florida,Charter,High,10844.0,46.0,14.0,33.9,60.7,53.9,5.6
267,Garcia High School,Pennsylvania,Private,High,20789.17,57.8,26.0,39.1,27.9,84.8,2.62
268,Potter High School,Texas,Charter,High,7448.87,50.6,18.2,12.6,40.1,84.6,1.72
269,Estes Middle School,Illinois,Charter,Middle,15829.16,47.9,28.3,59.4,69.3,97.5,7.04
270,Stephens Elementary School,Georgia,Charter,High,16062.64,56.3,25.4,26.9,23.1,92.2,2.56
271,Byrd High School,California,Charter,High,19678.43,51.6,11.7,84.5,59.5,84.4,7.54
272,Levine High School,Texas,Private,Elementary,15282.69,46.2,21.5,61.0,11.3,68.3,8.7
273,Hull High School,Texas,Public,High,24425.17,58.9,16.7,35.7,38.8,57.8,3.86
274,White Elementary School,New York,Public,High,6149.18,40.3,18.9,54.0,35.0,57.7,8.45
275,Elliott Elementary School,Illinois,Public,High,11520.02,56.0,23.3,18.5,27.8,81.0,1.24
276,Griffin Elementary School,Georgia,Private,High,20262.89,44.7,28.5,64.3,60.5,66.0,10.01
277,Hebert Middle School,Florida,Public,High,18872.89,40.6,28.9,30.5,89.3,58.8,8.34
278,Lewis Elementary School,California,Public,Middle,24559.37,63.9,17.8,10.5,22.1,71.7,2.23
279,Allen High School,Illinois,Public,Elementary,24562.36,69.3,22.2,43.0,80.3,97.0,2.3
280,Massey Middle School,North Carolina,Public,High,21311.28,58.6,15.3,79.6,17.8,85.0,4.17
281,Hebert Middle School,Pennsylvania,Private,Elementary,16352.07,54.4,19.1,75.7,42.1,98.2,5.89
282,Waters Middle School,Michigan,Charter,Elementary,22885.28,47.8,13.8,72.8,53.9,68.2,4.46
283,Parker Elementary School,Michigan,Private,Elementary,7701.85,40.0,12.8,90.8,74.7,63.4,7.56
284,Schmidt Middle School,Georgia,Private,High,12068.54,57.2,11.4,41.1,73.7,95.0,1.77
285,Andrews Elementary School,North Carolina,Private,Elementary,7969.77,42.7,17.8,31.7,50.8,87.8,3.14
286,Reyes Elementary School,Michigan,Charter,Elementary,20512.41,54.7,20.1,59.6,9.1,81.5,4.65
287,Dominguez High School,New York,Private,Middle,14502.9,50.3,17.4,71.2,35.0,88.0,3.45
288,Harris Elementary School,Georgia,Public,Middle,21551.1,54.5,17.7,50.1,82.3,71.1,5.61
289,Tapia Elementary School,California,Public,Elementary,23853.26,56.7,23.1,39.9,18.9,67.4,7.19
290,Khan High School,Illinois,Private,High,9111.61,46.8,19.4,61.5,6.0,96.9,4.54
291,Gray Middle School,Michigan,Public,Middle,11673.46,43.3,21.3,60.0,28.6,83.2,6.19
292,Williams Middle School,Illinois,Public,Elementary,13127.46,47.2,24.3,44.2,18.1,79.5,4.56
293,Medina Middle School,Illinois,Public,High,21162.97,53.1,20.8,87.5,20.2,67.4,8.04
294,Calhoun Middle School,California,Private,Middle,11836.51,40.0,10.4,66.7,55.5,54.3,5.54
295,Hutchinson Elementary School,California,Charter,Middle,8276.55,40.0,21.9,87.3,58.6,63.9,11.46
296,Harris Elementary School,North Carolina,Charter,High,12110.56,55.7,20.0,17.9,34.0,90.0,1.56
297,Wright High School,Georgia,Private,Elementary,20527.55,59.2,13.3,14.1,38.3,50.0,0.75
298,Roach Elementary School,New York,Private,Middle,13140.78,51.0,12.1,10.8,31.9,57.2,1.3
299,Ramirez Middle School,Texas,Private,High,17782.45,49.7,12.3,56.8,12.7,76.7,2.23
300,Silva Elementary School,New York,Public,Middle,12171.78,43.1,27.5,66.2,16.9,87.0,5.96
301,Guerrero Elementary School,Michigan,Private,Middle,12695.31,63.3,10.8,14.1,10.5,67.6,0.5
302,Riddle High School,North Carolina,Private,Middle,21610.2,40.0,26.4,86.0,31.0,51.0,10.18
303,Johnson High School,California,Public,High,15764.33,49.1,22.1,48.2,87.8,74.9,7.37
304,Harris Middle School,California,Charter,High,12538.27,40.0,19.9,86.9,38.5,55.5,12.06
305,Wilson Middle School,California,Charter,High,24536.61,57.3,10.8,82.7,29.4,66.4,5.69
306,Olson Elementary School,Pennsylvania,Private,Middle,10539.84,41.7,23.6,50.4,60.5,97.4,2.08
307,Foster Middle School,Texas,Public,Elementary,16076.69,40.0,13.7,89.6,82.6,54.5,9.91
308,Gonzalez High School,Florida,Public,Middle,10128.6,40.0,27.2,69.6,10.4,58.2,11.88
309,Barnett Elementary School,Pennsylvania,Public,High,7931.46,40.0,29.4,33.7,56.5,55.2,5.85
310,Rubio High School,Illinois,Charter,Middle,17503.49,58.6,24.3,48.0,90.8,92.8,3.95
311,Goodman High School,New York,Charter,Middle,19973.3,56.6,23.6,37.6,91.3,75.6,3.92
312,Rhodes Middle School,Florida,Private,Elementary,11543.91,40.0,27.5,69.1,85.5,53.1,13.39
313,Sims High School,North Carolina,Public,Middle,23996.5,54.0,25.1,78.5,31.5,60.2,8.7
314,Braun High School,Texas,Private,Elementary,7426.08,40.0,26.5,64.8,10.2,82.4,7.93
315,Jackson Elementary School,Illinois,Private,Middle,17805.95,63.8,19.2,29.0,11.5,85.8,1.11
316,Martin Middle School,Texas,Private,Middle,22758.08,51.8,12.0,67.3,85.3,61.2,9.39
317,Sherman Elementary School,New York,Charter,High,13924.4,44.6,23.5,26.7,89.2,68.5,6.07
318,Martin Elementary School,Illinois,Private,Middle,24900.18,54.5,11.2,81.6,32.9,64.9,6.93
319,May High School,Michigan,Charter,Elementary,16547.36,55.7,27.7,22.5,82.9,87.2,1.92
320,Jenkins Elementary School,Texas,Public,High,16369.69,40.0,28.0,74.1,93.7,83.0,11.53
321,Freeman Elementary School,Ohio,Public,Elementary,22970.99,67.3,11.0,27.3,59.4,67.2,0.5
322,Silva Middle School,North Carolina,Charter,Middle,15866.95,40.0,17.0,87.3,73.3,62.6,9.92
323,Phillips High School,Ohio,Charter,Elementary,19926.92,65.2,15.7,50.3,36.1,87.0,1.64
324,Wilkerson Middle School,Florida,Private,Middle,9436.07,45.1,10.7,84.9,34.6,80.1,4.22
325,Petersen High School,Florida,Private,Elementary,17606.55,51.4,22.5,63.3,54.7,66.7,8.12
326,Jones Middle School,California,Private,Middle,11431.38,55.8,14.3,29.1,54.7,84.5,2.42
327,Thomas Middle School,Illinois,Charter,High,6615.56,40.0,24.0,14.6,77.2,74.1,5.45
328,Rodriguez Elementary School,Georgia,Charter,Elementary,7840.1,40.0,27.3,24.2,31.3,70.5,4.07
329,Kaiser Elementary School,Georgia,Private,Middle,23855.36,50.5,27.0,26.9,56.3,64.8,6.0
330,Murphy Elementary School,California,Charter,Elementary,7337.24,40.0,10.7,52.0,78.4,74.4,6.32
331,Garcia Middle School,Michigan,Charter,Elementary,7191.61,50.0,16.6,20.8,73.6,75.5,0.65
332,Evans High School,Florida,Public,Middle,10008.7,40.0,24.3,76.8,69.8,76.8,8.43
333,White Elementary School,New York,Charter,Middle,12585.34,50.9,19.5,31.4,74.0,97.7,3.08
334,Horton Middle School,Georgia,Private,Middle,24975.1,58.3,26.3,41.8,80.2,95.7,4.13
335,Allen Elementary School,Georgia,Charter,Middle,12355.11,40.0,23.3,65.1,89.8,54.7,11.69
336,Moore Middle School,Texas,Public,High,10735.8,42.5,16.4,25.5,45.2,69.5,6.26
337,Bennett Middle School,New York,Private,Elementary,21513.68,45.5,19.4,80.1,58.1,68.3,9.63
338,Torres Middle School,North Carolina,Charter,Elementary,24744.42,58.9,17.6,62.2,26.5,66.7,6.26
339,Roberson Elementary School,Florida,Charter,High,7863.12,48.8,22.9,20.6,93.7,89.2,6.55
340,Gonzales Elementary School,California,Private,High,8029.51,49.3,15.1,51.6,21.5,88.5,2.54
341,Thomas Middle School,New York,Charter,Middle,21677.02,40.0,21.8,49.4,43.2,53.2,7.9
342,Koch High School,New York,Public,Middle,15428.27,47.4,23.4,14.2,51.6,54.5,6.17
343,Wilson Middle School,Pennsylvania,Charter,High,6706.94,40.0,23.1,54.1,14.5,50.9,9.67
344,Carter High School,Illinois,Private,High,16953.66,58.9,15.8,53.9,36.7,91.1,1.57
345,Hawkins Middle School,New York,Public,Middle,20499.45,58.0,27.3,45.7,14.9,71.6,4.22
346,Aguilar Middle School,Texas,Charter,Elementary,9576.73,40.0,29.5,64.2,94.7,67.8,13.92
347,Watkins High School,Illinois,Private,Elementary,9519.47,48.2,19.6,12.4,23.7,80.3,1.93
348,Clarke High School,New York,Private,Elementary,13690.34,51.8,15.7,52.4,43.1,78.7,3.26
349,Williams Middle School,North Carolina,Private,Elementary,15384.72,40.0,22.8,42.2,91.9,57.0,10.17
350,Walters Elementary School,Ohio,Charter,High,21119.96,68.8,20.6,29.0,9.5,82.6,0.5
351,Garza Middle School,Florida,Private,Middle,13186.67,50.3,14.3,44.1,70.5,75.3,3.94
352,Jordan Middle School,New York,Charter,High,23005.54,54.6,27.2,55.6,74.9,75.9,8.01
353,Harrington Middle School,New York,Public,High,15841.3,40.0,12.3,87.1,45.6,54.5,8.34
354,Vaughn High School,Texas,Charter,Elementary,16980.89,63.6,13.1,45.3,50.2,93.1,1.0
355,Kennedy Middle School,Texas,Charter,Elementary,8681.92,40.0,12.5,75.7,82.0,61.4,11.35
356,Atkinson High School,Pennsylvania,Charter,Elementary,19243.89,58.8,11.9,78.9,61.6,95.0,4.1
357,Smith Elementary School,Florida,Charter,High,15299.17,45.6,28.5,45.7,40.6,77.1,6.45
358,Hill Elementary School,North Carolina,Private,Middle,6010.14,48.7,11.4,27.8,68.1,85.4,0.85
359,Peters Middle School,Florida,Public,Elementary,17627.01,43.3,20.3,79.1,7.8,72.7,7.45
360,Daniels Elementary School,Texas,Public,High,8138.46,40.0,10.0,46.7,58.4,58.4,5.76
361,Rodriguez Middle School,Pennsylvania,Charter,Elementary,19989.33,55.4,22.8,64.6,55.0,97.8,4.05
362,Richardson High School,Florida,Charter,Middle,10907.56,48.3,13.9,27.5,26.1,60.0,4.77
363,King Elementary School,North Carolina,Private,Elementary,22092.54,56.9,18.3,52.7,64.0,63.9,4.0
364,Martin Elementary School,Pennsylvania,Charter,Elementary,6553.06,40.0,25.0,64.6,20.1,98.8,6.72
365,Calhoun Elementary School,Florida,Private,Elementary,10211.94,40.0,18.4,26.0,65.6,53.0,6.32
366,Williams Middle School,North Carolina,Private,Middle,19004.2,63.9,16.8,80.4,8.0,97.9,3.23
367,Leonard High School,Michigan,Private,Elementary,15041.45,47.4,14.9,87.3,13.9,90.4,4.11
368,Ortiz Elementary School,California,Public,Middle,22238.67,55.5,19.3,22.9,20.0,59.9,5.14
369,Kim Elementary School,California,Private,High,19546.93,50.1,19.6,48.4,5.1,52.7,8.11
370,Boyer High School,North Carolina,Private,Elementary,24695.63,54.8,25.0,89.7,64.6,83.9,9.75
371,Frey Elementary School,Illinois,Public,High,23087.27,53.8,29.2,37.1,87.4,79.0,4.46
372,Ayala High School,North Carolina,Public,Middle,6551.14,40.0,29.6,94.5,19.9,94.4,10.43
373,Pierce Elementary School,Ohio,Private,Middle,24121.65,65.3,16.2,53.8,73.9,83.4,3.64
374,Cross High School,California,Private,Elementary,7506.27,40.0,29.2,68.3,18.6,85.7,6.18
375,Hawkins Middle School,Texas,Charter,Middle,24734.07,66.9,19.3,30.9,32.9,75.8,1.69
376,Larsen Middle School,New York,Charter,Middle,5780.51,45.3,19.5,23.5,27.0,54.4,5.79
377,Marshall Elementary School,New York,Private,Middle,24350.94,56.4,10.2,74.9,35.2,61.3,6.63
378,Thompson High School,California,Public,Elementary,9744.0,40.0,11.8,34.0,74.4,58.2,5.96
379,May Elementary School,Pennsylvania,Private,Elementary,11062.64,40.0,25.5,85.8,92.8,54.8,13.69
380,Holt Elementary School,Ohio,Public,Middle,6635.26,44.2,11.1,72.2,28.6,97.1,5.2
381,Blair High School,Florida,Private,Elementary,19143.43,51.7,25.2,16.3,78.2,65.3,6.67
382,Davis High School,New York,Public,High,19629.29,47.1,19.9,70.8,63.2,51.5,6.6
383,Pierce Elementary School,Texas,Charter,Middle,21859.29,40.0,29.4,78.8,9.5,62.1,10.78
384,Hayes Middle School,New York,Public,Middle,17394.22,52.6,19.8,42.6,67.2,96.6,2.6
385,Ortiz High School,North Carolina,Public,High,18804.99,55.7,18.1,18.1,58.0,86.1,0.5
386,Mays High School,Texas,Public,Middle,23706.87,43.5,18.5,75.3,84.2,53.9,10.78
387,Stafford High School,New York,Public,Elementary,20202.08,55.7,19.1,69.3,58.6,86.0,6.86
388,Strong High School,Georgia,Public,Elementary,23317.95,61.3,19.8,90.4,18.7,97.9,3.34
389,Williams High School,Texas,Public,Elementary,5921.11,40.0,28.1,55.7,91.2,82.0,9.1
390,Martinez High School,Florida,Charter,Middle,7665.8,40.0,26.6,88.7,67.3,65.4,11.12
391,Vargas Elementary School,Texas,Private,Elementary,7186.42,40.0,17.9,29.3,48.0,86.2,2.46
392,Ross High School,North Carolina,Private,Elementary,13260.81,40.0,13.9,86.7,83.1,54.5,12.7
393,Hernandez Elementary School,Pennsylvania,Charter,Middle,20641.58,40.0,27.6,89.4,16.2,51.9,12.15
394,Nunez Elementary School,Texas,Public,Middle,22357.18,63.6,23.4,45.5,36.6,93.8,2.86
395,Harris Middle School,North Carolina,Charter,Elementary,12591.91,48.7,12.8,41.0,73.7,63.8,2.82
396,Flores Middle School,Pennsylvania,Charter,Middle,24239.13,64.6,14.1,39.6,35.8,71.3,4.35
397,Newman Middle School,Texas,Public,High,18376.59,61.2,10.7,39.2,45.1,70.6,2.72
398,Smith Middle School,Georgia,Public,Elementary,17773.08,43.5,26.5,94.2,67.2,89.4,9.67
399,Butler High School,California,Private,Elementary,5157.76,41.8,15.2,34.8,68.7,74.4,5.27
400,Brown High School,Florida,Private,High,22595.3,42.9,23.7,71.6,67.4,60.5,8.79
401,Mitchell Elementary School,Pennsylvania,Private,High,22415.37,48.4,25.0,34.1,55.1,50.9,9.31
402,Myers Elementary School,Pennsylvania,Private,High,17933.4,40.0,29.1,87.5,84.7,64.7,12.66
403,Harper Elementary School,Pennsylvania,Private,Elementary,23525.49,56.9,28.5,55.2,55.1,80.8,6.2
404,Shaw Elementary School,New York,Charter,Elementary,13771.92,40.0,28.3,47.2,11.1,52.4,8.83
405,Buckley High School,Georgia,Charter,Middle,18430.67,50.2,15.8,78.3,28.8,67.8,6.5
406,Campbell Middle School,North Carolina,Public,Elementary,18879.04,51.3,11.9,73.1,25.6,68.7,6.57
407,Bradford High School,Florida,Charter,High,13166.72,40.0,29.1,93.7,6.5,50.9,13.66
408,Garcia Middle School,Ohio,Private,High,9050.24,40.0,25.1,90.0,40.3,68.9,11.92
409,Martin Middle School,New York,Public,High,13491.54,41.1,24.4,42.0,16.0,84.9,4.95
410,Meyer Middle School,Ohio,Public,High,16080.11,44.1,28.5,39.1,74.7,91.0,6.43
411,Carney High School,Georgia,Charter,Middle,14305.94,42.9,12.8,91.3,68.3,95.6,5.88
412,Duke High School,North Carolina,Charter,Middle,24779.02,46.2,14.9,91.4,43.1,74.3,10.78
413,Gardner Middle School,Michigan,Charter,Elementary,9735.4,40.0,28.7,31.1,39.4,71.6,4.97
414,Ramirez Elementary School,Illinois,Private,High,13679.75,41.8,17.3,82.2,78.7,70.2,10.92
415,Strickland High School,Georgia,Public,High,23327.88,62.9,19.0,40.7,46.1,87.1,3.62
416,Huynh Elementary School,New York,Public,Elementary,19734.53,55.5,25.2,48.1,34.0,86.0,3.39
417,Gordon Elementary School,Illinois,Charter,Elementary,9063.65,43.7,21.8,20.7,22.2,53.8,8.39
418,Romero Elementary School,Florida,Charter,High,19745.31,67.4,17.8,39.1,10.3,86.3,1.72
419,Davis High School,Florida,Private,Middle,13401.04,40.0,24.8,54.2,30.7,65.2,9.56
420,Christensen Middle School,Michigan,Private,Elementary,6853.48,53.4,18.3,25.7,84.7,98.4,1.26
421,Guzman High School,Ohio,Private,Middle,9776.23,40.0,15.2,77.2,51.4,57.7,9.21
422,Bowman High School,Georgia,Public,Elementary,10646.73,40.0,28.1,87.8,38.5,59.4,12.22
423,Wise Middle School,North Carolina,Private,High,6642.31,40.0,20.4,64.8,54.2,91.9,6.63
424,Pena High School,Pennsylvania,Private,Elementary,5934.75,40.0,19.4,13.8,91.9,75.3,5.97
425,Farley Middle School,Illinois,Private,Middle,8232.3,40.0,23.6,73.0,86.0,68.6,10.64
426,Pena High School,Michigan,Private,Elementary,5362.72,40.0,13.5,43.7,91.3,73.5,4.58
427,Morton High School,California,Private,High,10439.06,49.6,23.0,41.6,55.2,92.0,4.87
428,Dyer Middle School,New York,Private,High,14084.19,45.9,23.6,50.7,64.2,60.4,9.54
429,Anderson Middle School,Illinois,Charter,Middle,20069.05,40.6,17.4,70.6,45.2,55.6,10.2
430,Shields Middle School,Illinois,Charter,High,15835.24,47.4,29.7,47.1,54.4,84.4,7.51
431,Wilson High School,Illinois,Charter,Elementary,17667.6,40.9,26.9,44.5,10.9,59.8,7.76
432,Rios Middle School,Georgia,Public,Middle,6600.83,40.7,14.8,90.4,61.3,96.7,5.57
433,Bryan Elementary School,Florida,Charter,Elementary,7578.83,47.6,13.3,52.2,47.8,95.5,1.44
434,Thompson High School,Georgia,Charter,High,14062.74,40.0,23.1,81.2,66.3,79.7,7.51
435,Morales Elementary School,Texas,Private,Elementary,8197.86,41.7,21.3,94.7,32.1,98.1,7.78
436,Smith High School,California,Public,Middle,12553.16,40.0,23.5,84.0,31.0,90.3,7.91
437,Riley Elementary School,Illinois,Charter,High,22718.72,56.9,16.0,36.9,74.2,69.5,3.47
438,Johnson High School,California,Public,Middle,5918.98,40.0,16.0,92.3,94.0,51.9,8.73
439,Hart Middle School,Georgia,Private,Middle,24981.9,50.6,28.4,75.9,13.0,78.4,6.62
440,Mckinney Middle School,Pennsylvania,Private,High,10686.95,40.0,29.7,91.1,51.5,74.9,13.11
441,Lane High School,Florida,Public,Middle,21661.84,56.2,17.5,84.5,44.6,93.5,4.38
442,Vazquez Elementary School,Pennsylvania,Charter,High,11144.58,43.1,13.4,59.7,51.1,64.9,7.11
443,Oconnor Elementary School,North Carolina,Public,High,12468.53,41.8,16.5,63.1,14.0,56.6,6.12
444,Yates Elementary School,North Carolina,Public,Middle,17295.27,52.9,21.1,86.8,38.7,88.2,8.55
445,Herrera High School,Texas,Private,High,17924.69,48.2,22.8,10.3,42.8,50.4,5.2
446,Carroll High School,New York,Charter,High,5126.28,40.0,24.6,91.1,14.5,99.5,7.9
447,Raymond Elementary School,Ohio,Charter,Elementary,16813.75,55.4,26.5,59.9,18.7,93.1,7.41
448,Swanson Elementary School,Texas,Public,Elementary,6020.51,40.0,26.6,34.2,90.2,76.5,9.03
449,Hill High School,Florida,Public,Middle,24406.3,74.7,12.3,27.7,22.7,78.1,0.5
450,Hunt Elementary School,Florida,Charter,Middle,12617.67,43.6,24.4,57.0,32.7,76.9,6.33
451,Moss High School,Florida,Charter,Elementary,9099.77,40.0,24.5,66.2,63.0,60.5,10.02
452,Cunningham High School,Georgia,Charter,Elementary,8154.29,40.0,19.2,89.6,60.2,74.4,10.38
453,Green Middle School,North Carolina,Private,Middle,8569.4,45.0,24.9,65.5,65.7,89.3,6.97
454,Anderson High School,Pennsylvania,Charter,Middle,10250.37,58.1,20.6,24.8,45.1,87.7,0.95
455,Dennis High School,Ohio,Charter,Middle,23348.72,66.6,28.9,19.3,19.9,97.1,2.12
456,Bishop Middle School,Ohio,Public,Middle,10539.69,40.0,27.2,14.6,44.0,57.5,6.6
457,Mcdowell Elementary School,Ohio,Private,Elementary,15418.75,46.4,26.4,48.4,53.7,67.6,10.59
458,Gibson High School,Georgia,Public,Elementary,7251.77,43.2,10.8,20.0,59.8,69.4,2.81
459,Thompson High School,Pennsylvania,Public,High,23647.13,51.0,27.4,89.2,89.8,91.2,11.33
460,Mckee Middle School,Texas,Charter,Elementary,7314.17,40.0,13.9,52.4,55.0,66.3,6.87
461,Thomas Elementary School,New York,Charter,Middle,22980.07,59.9,19.1,80.9,53.8,96.3,5.9
462,Copeland Middle School,California,Private,High,5928.37,40.0,21.4,87.3,22.8,88.9,6.96
463,Potts Middle School,Texas,Public,High,20838.57,44.7,23.7,70.2,37.6,80.1,6.6
464,Lee Middle School,Florida,Private,Middle,24491.68,42.8,26.2,45.6,84.2,62.7,9.58
465,Woodard High School,Michigan,Private,Elementary,20753.33,56.2,21.6,19.0,40.5,77.8,3.44
466,Lambert High School,Georgia,Private,High,21795.7,47.9,16.2,77.6,57.9,64.2,8.45
467,Kelly Elementary School,Ohio,Private,Elementary,19612.89,47.7,19.8,35.9,57.3,52.7,5.39
468,Richard Elementary School,North Carolina,Public,Elementary,7243.24,55.6,13.1,29.5,86.2,88.4,0.5
469,Lowe Elementary School,New York,Public,High,19831.89,51.5,16.8,89.4,94.7,78.1,6.73
470,Mitchell Elementary School,Georgia,Charter,Elementary,24895.76,69.1,15.3,10.3,9.0,78.4,0.5
471,Campbell High School,New York,Charter,Elementary,16600.84,52.6,18.8,76.7,76.1,98.5,5.44
472,Carr Middle School,California,Charter,Middle,12509.36,40.0,26.8,18.8,58.8,50.5,9.34
473,Carroll Elementary School,Illinois,Charter,Elementary,7138.51,40.0,17.9,94.5,76.3,80.8,9.57
474,Smith Elementary School,Florida,Public,High,15009.82,40.0,27.2,46.8,41.4,58.0,6.5
475,Rodriguez Elementary School,New York,Charter,Elementary,11528.83,40.0,30.0,66.8,73.4,76.1,9.97
476,Giles Elementary School,Michigan,Public,High,11140.85,56.1,10.1,45.8,36.8,99.7,0.5
477,Lopez High School,Michigan,Public,Elementary,8813.09,51.3,10.1,58.1,32.2,81.4,5.56
478,Villa High School,Texas,Public,Elementary,8649.96,40.0,21.1,44.0,51.0,80.6,3.95
479,Guerra Middle School,North Carolina,Public,High,23683.21,70.3,11.3,36.6,6.1,81.8,0.5
480,Jones Elementary School,Ohio,Private,High,23284.76,75.0,28.3,11.4,88.4,97.4,2.14
481,Lee Elementary School,Texas,Public,High,7012.78,40.0,21.0,29.2,58.1,57.4,7.5
482,Bell High School,Florida,Public,Elementary,15823.87,62.7,19.3,18.8,39.5,81.4,1.42
483,Jackson Elementary School,North Carolina,Public,High,22386.16,64.3,19.0,46.3,7.2,87.6,1.6
484,Castro Elementary School,North Carolina,Private,Middle,8362.24,48.7,11.1,25.4,86.2,72.3,3.28
485,Patterson Elementary School,Ohio,Private,Middle,18853.83,56.2,25.8,30.3,32.2,85.4,4.0
486,Rice High School,Illinois,Private,Elementary,7230.65,46.8,22.6,13.3,68.8,93.6,0.95
487,Turner High School,North Carolina,Charter,Elementary,6176.17,40.0,28.2,74.9,88.8,90.2,10.44
488,Hayes Middle School,Illinois,Private,High,10128.18,40.3,21.1,88.2,64.8,93.2,6.57
489,Suarez Middle School,Ohio,Charter,High,8257.66,40.0,25.8,77.5,87.4,56.4,12.86
490,Baker High School,New York,Private,Middle,8014.98,40.0,11.8,76.8,41.9,65.5,8.01
491,Fernandez High School,Ohio,Private,High,16179.94,64.3,15.3,19.3,49.4,83.8,0.5
492,Hogan Elementary School,Illinois,Private,Middle,5883.7,47.4,23.7,10.2,68.3,94.4,1.71
493,Santana High School,Texas,Private,High,9716.5,40.0,17.1,80.0,24.0,52.7,9.28
494,Miller Middle School,Illinois,Public,Elementary,10442.89,51.6,21.9,12.6,34.3,80.4,0.59
495,Smith Elementary School,New York,Charter,Middle,9316.56,47.1,10.8,52.6,7.6,77.6,2.63
496,Jones High School,Illinois,Charter,Middle,22737.04,56.8,10.4,75.6,41.8,56.1,5.35
497,Gonzales Middle School,New York,Charter,High,20071.1,52.6,23.9,22.5,81.8,91.7,3.18
498,Green High School,New York,Public,High,7215.76,40.0,28.0,48.7,48.4,86.4,5.44
499,Smith Elementary School,Ohio,Private,Middle,16365.49,40.0,20.9,92.1,17.8,85.3,9.23
500,Hernandez High School,Ohio,Charter,Middle,5664.88,40.0,17.7,56.8,12.5,79.2,4.0
501,Cervantes Middle School,Illinois,Private,High,22107.28,74.7,10.2,38.3,23.5,86.9,0.5
502,Martinez High School,Florida,Charter,Elementary,13705.49,48.9,27.4,28.3,7.7,68.0,4.45
503,Hunter Elementary School,Illinois,Private,Elementary,7487.38,40.0,19.8,11.0,67.3,50.7,7.71
504,Ponce High School,California,Public,Middle,17376.31,40.0,14.2,74.1,90.5,58.7,10.1
505,Dickson Elementary School,Michigan,Private,High,8588.45,40.0,29.6,48.0,56.9,77.4,7.9
506,Carter Middle School,North Carolina,Private,Middle,19483.87,56.1,13.7,74.2,47.7,93.6,4.26
507,Collins Middle School,Michigan,Charter,Elementary,8926.76,55.5,15.9,35.6,44.1,76.8,0.5
508,Cruz Middle School,Texas,Charter,Middle,9136.39,40.0,26.0,88.5,12.7,57.8,11.7
509,Wagner Elementary School,Ohio,Public,Middle,17460.02,47.0,12.3,70.6,70.3,70.7,9.15
510,Peterson High School,North Carolina,Charter,High,19319.02,58.3,13.9,16.9,30.6,51.5,2.92
511,Hensley Middle School,Pennsylvania,Charter,Elementary,18396.07,43.1,21.3,63.1,43.7,76.5,7.3
512,Smith Elementary School,Florida,Public,High,12295.52,47.1,18.2,38.1,26.6,74.1,4.76
513,Curry Middle School,Georgia,Public,High,19980.84,63.6,15.2,16.7,18.4,71.7,1.29
514,Mercado Elementary School,North Carolina,Private,High,7794.44,40.0,29.5,41.0,65.1,74.3,5.66
515,Mendez Middle School,Illinois,Private,High,6712.11,40.0,26.9,25.7,47.4,60.0,5.37
516,Powell Elementary School,Ohio,Charter,High,22563.27,54.8,14.2,79.0,83.1,74.4,7.16
517,Hampton Middle School,Florida,Private,Elementary,15236.52,55.3,23.7,13.0,19.1,71.1,1.67
518,Schultz Middle School,Texas,Public,Elementary,5901.92,40.0,24.7,11.0,77.0,64.5,7.48
519,Mendoza Middle School,Florida,Charter,High,22177.28,61.2,13.0,65.6,79.8,79.1,4.03
520,Thomas Middle School,Texas,Private,High,17262.97,43.0,24.9,84.4,65.5,61.8,9.24
521,Stevens Middle School,Ohio,Private,Elementary,17356.53,51.6,11.6,14.9,56.6,54.9,1.48
522,Foster Elementary School,Texas,Public,High,22895.34,44.3,25.5,45.5,63.2,53.8,5.89
523,Martin Middle School,California,Private,Elementary,20741.08,55.0,28.8,58.6,81.3,86.3,6.66
524,Schroeder Middle School,Georgia,Public,High,23784.47,58.9,23.7,36.0,68.9,80.9,3.8
525,Lucas High School,California,Charter,Middle,6395.51,41.5,19.7,85.8,22.4,88.4,6.75
526,Sweeney Elementary School,New York,Private,High,7964.41,40.0,26.5,36.4,88.1,53.4,10.93
527,Miller Elementary School,New York,Private,Middle,14667.99,54.8,23.8,27.4,83.7,81.0,5.48
528,Williams Elementary School,New York,Private,Elementary,16355.89,48.1,23.0,53.7,55.9,78.7,6.13
529,Houston Elementary School,Ohio,Public,Middle,15207.97,52.8,13.8,17.4,80.0,61.4,0.77
530,Evans Elementary School,Florida,Charter,High,14713.27,43.9,26.2,94.9,39.6,81.0,10.87
531,Hopkins High School,New York,Private,High,23305.84,46.6,18.6,60.9,82.7,51.4,10.11
532,Mccoy Middle School,Pennsylvania,Charter,Elementary,22658.61,48.7,26.2,44.8,65.1,71.4,7.49
533,Wolfe Elementary School,Texas,Private,Middle,8881.62,40.0,11.4,86.8,57.7,73.7,9.19
534,Sweeney High School,Illinois,Public,High,7961.54,40.0,18.6,48.1,71.2,62.4,6.35
535,Howard High School,Ohio,Charter,Elementary,13048.54,41.1,22.4,30.2,55.1,76.3,7.67
536,Horn Middle School,Florida,Public,Elementary,21000.4,61.5,20.7,19.3,69.0,74.4,1.32
537,Walsh Elementary School,New York,Public,Middle,11314.29,40.0,27.0,45.3,86.9,78.7,8.79
538,Abbott High School,California,Private,Elementary,24391.42,63.3,12.0,78.8,58.2,75.9,2.92
539,Garcia High School,New York,Public,Middle,10273.32,40.0,18.8,54.1,80.6,58.2,7.76
540,Martinez Middle School,North Carolina,Charter,High,24453.33,58.8,24.0,38.6,37.9,82.8,5.31
541,Ponce Middle School,Michigan,Private,Middle,14253.69,40.0,17.5,78.5,65.8,58.3,9.95
542,Thompson Elementary School,Ohio,Charter,Middle,10422.95,40.1,16.7,84.1,51.7,94.6,7.64
543,Rogers Elementary School,Georgia,Charter,High,10379.77,44.0,16.2,20.6,26.8,50.3,5.28
544,Diaz High School,Michigan,Private,High,5360.83,41.8,15.2,24.8,90.5,80.5,3.48
545,Richardson Elementary School,New York,Private,High,14951.05,40.0,14.9,84.3,43.4,53.0,11.93
546,Fisher Middle School,California,Charter,Middle,23198.11,57.1,29.2,35.4,38.7,82.5,4.21
547,Wells High School,Ohio,Private,Elementary,18941.6,48.0,25.1,53.1,42.0,68.2,5.35
548,Donaldson Elementary School,Texas,Public,Elementary,9772.35,40.0,26.3,26.3,39.1,50.4,7.14
549,Patrick Elementary School,California,Private,Elementary,22742.65,68.2,21.7,16.3,39.4,83.8,0.89
550,Wall High School,Texas,Public,High,16853.7,49.4,13.1,40.3,92.9,52.3,7.01
551,Sanchez High School,New York,Charter,Elementary,21935.74,56.2,28.8,44.7,29.3,81.0,3.32
552,Brown Elementary School,Ohio,Public,High,15562.27,47.2,10.5,84.2,59.1,67.1,6.72
553,Walters Middle School,Georgia,Private,Middle,24158.05,64.7,19.8,36.1,33.9,78.8,1.48
554,Diaz Elementary School,Ohio,Charter,Elementary,7556.05,44.1,20.4,76.7,12.5,78.1,6.81
555,Strong Elementary School,Georgia,Private,Elementary,17592.28,40.2,26.9,81.6,63.9,76.0,8.92
556,Barrera High School,Pennsylvania,Public,Middle,16969.88,40.0,21.9,90.1,34.8,61.6,10.37
557,Rice Middle School,Pennsylvania,Public,High,21368.94,54.6,11.2,75.7,63.4,82.2,4.01
558,Stone Elementary School,Florida,Public,High,16441.31,42.8,28.1,63.5,38.9,89.4,8.19
559,Moss Elementary School,Florida,Charter,Elementary,15765.31,40.6,23.5,37.7,75.4,69.3,8.2
560,Cohen Elementary School,Ohio,Charter,High,19511.97,49.5,15.2,89.1,91.3,95.3,6.34
561,Pope Middle School,North Carolina,Private,Middle,18980.84,57.9,28.5,31.9,7.7,93.0,1.85
562,Kidd Middle School,New York,Charter,Elementary,19492.29,42.7,25.9,68.5,5.1,51.2,10.54
563,Garner High School,Illinois,Private,Middle,6181.26,45.2,20.6,43.3,46.9,100.0,2.03
564,Hall High School,North Carolina,Private,Elementary,8365.77,47.9,21.8,29.4,14.5,99.6,0.5
565,Spencer Elementary School,Texas,Public,Middle,5675.25,41.8,17.3,61.7,50.6,84.7,4.63
566,Smith Middle School,Pennsylvania,Private,Middle,21193.26,50.4,25.5,91.0,88.2,90.8,8.27
567,Rodriguez Middle School,Georgia,Charter,High,24739.15,56.6,15.3,87.0,72.6,83.3,5.09
568,Hernandez Elementary School,Michigan,Private,High,21016.89,62.0,12.0,42.5,86.7,92.5,1.28
569,Parker Middle School,Georgia,Private,High,10167.94,48.8,11.4,54.9,11.8,71.5,4.76
570,Hill High School,Illinois,Charter,High,17127.44,48.3,29.2,55.6,73.9,92.0,4.83
571,Boyd Middle School,Michigan,Private,Middle,15685.52,40.0,28.7,20.5,91.5,54.9,8.75
572,Martin Elementary School,Texas,Private,Middle,15104.98,49.1,16.9,50.6,49.9,74.8,4.78
573,Perez Middle School,Michigan,Private,Middle,7496.69,40.0,13.7,87.5,92.9,90.1,8.0
574,Vazquez Middle School,North Carolina,Public,Elementary,18587.73,49.5,27.9,16.1,41.7,72.9,4.44
575,Patel High School,North Carolina,Public,Elementary,17026.8,42.4,24.1,90.7,7.4,72.6,7.98
576,Sawyer High School,Michigan,Private,Middle,23266.81,41.0,25.1,74.0,83.1,68.3,9.16
577,Gilbert Elementary School,Michigan,Charter,Middle,7886.68,47.7,22.7,48.1,45.7,91.1,4.46
578,Juarez Elementary School,California,Private,High,18027.26,54.2,24.9,78.6,30.6,91.8,7.51
579,Kaufman Elementary School,New York,Private,Elementary,15178.78,42.2,18.3,49.0,54.3,56.7,5.12
580,Garcia Elementary School,Texas,Charter,Elementary,24540.9,65.6,24.9,41.4,14.7,89.4,2.5
581,Smith Middle School,Georgia,Private,High,12624.09,40.0,12.3,45.5,16.2,61.3,6.72
582,Rodriguez High School,Ohio,Public,High,9551.58,40.0,22.0,46.6,46.7,82.1,5.67
583,Scott High School,Texas,Public,High,5557.04,40.0,26.8,60.8,87.0,66.5,10.97
584,Wilson Elementary School,Michigan,Private,Elementary,21985.55,57.2,16.3,32.1,50.2,74.5,1.81
585,Benson High School,Texas,Charter,High,16795.47,57.9,27.3,44.6,9.2,97.1,2.57
586,Tanner Middle School,Michigan,Public,Elementary,24643.68,62.3,29.2,49.6,90.5,82.5,4.19
587,Clay Middle School,Florida,Charter,Elementary,19588.2,54.8,17.7,18.4,24.3,68.1,0.5
588,Green Middle School,Texas,Public,High,11152.11,43.0,23.0,50.8,55.1,94.4,6.16
589,Tucker Elementary School,Georgia,Private,Middle,6794.44,40.0,11.3,48.8,71.0,66.0,4.8
590,Jackson Middle School,Texas,Private,High,15986.0,50.5,23.3,21.3,67.6,51.7,5.95
591,Donaldson Middle School,Michigan,Private,Elementary,6852.91,40.0,15.5,83.9,56.2,58.4,8.43
592,Gallegos Middle School,Florida,Public,Elementary,17125.75,50.7,23.3,48.1,73.4,82.7,3.95
593,Short Elementary School,Texas,Charter,Middle,8044.86,56.6,15.3,39.9,52.6,95.0,0.94
594,Martin Middle School,Texas,Private,High,5934.15,40.0,26.2,48.5,55.5,81.3,6.22
595,Morgan Elementary School,New York,Public,Elementary,17817.89,43.6,19.2,53.4,38.0,65.7,7.4
596,Huff Middle School,Florida,Public,Elementary,11360.92,40.0,27.2,12.7,93.3,68.9,6.98
597,Ortiz High School,Ohio,Private,High,24702.86,56.5,22.0,21.8,67.5,61.6,5.06
598,Young Middle School,Florida,Public,Middle,15878.01,45.0,28.6,83.6,55.0,90.2,9.28
599,Johnson High School,Illinois,Private,Middle,11880.67,58.8,11.4,52.8,6.3,99.6,1.68
600,Walker High School,Illinois,Charter,High,21353.04,52.5,15.0,75.4,10.2,87.5,2.95
601,King Elementary School,Florida,Public,High,6672.14,45.9,21.0,11.2,77.9,81.0,2.9
602,Payne Elementary School,Florida,Public,Elementary,10947.39,41.9,28.0,65.8,7.5,99.4,7.24
603,Bailey Middle School,Georgia,Charter,Elementary,8276.1,54.8,12.7,23.9,32.4,77.1,2.43
604,Sherman High School,Pennsylvania,Charter,High,19997.83,50.0,16.0,85.0,55.7,84.7,4.94
605,Simpson Middle School,Ohio,Charter,Middle,13436.12,41.6,23.3,26.9,24.5,58.8,5.89
606,Herrera Middle School,Texas,Public,Middle,23848.15,67.7,10.6,34.7,24.4,65.9,2.65
607,Ray Elementary School,Pennsylvania,Private,Middle,19833.66,51.5,11.3,63.2,70.3,51.8,8.0
608,Russell High School,New York,Public,High,15946.73,57.0,17.7,15.9,45.3,70.9,2.16
609,Thompson Middle School,California,Public,Elementary,21277.18,43.8,25.8,17.6,67.0,54.0,6.86
610,Marshall High School,Ohio,Charter,Middle,5611.5,47.1,14.1,44.3,50.5,90.5,2.15
611,Brown Elementary School,Illinois,Public,Elementary,21114.49,49.9,21.7,87.5,48.4,96.9,6.97
612,Moss Elementary School,Illinois,Charter,Middle,19867.04,51.8,18.4,33.1,43.9,51.4,5.59
613,Hood Middle School,Florida,Public,High,12569.89,46.2,17.6,36.7,86.5,93.0,3.22
614,Brown Middle School,North Carolina,Charter,Middle,5036.13,40.0,26.2,60.9,75.0,95.9,7.12
615,Cooke Elementary School,Texas,Private,Middle,24492.1,57.2,17.5,71.8,83.1,92.0,4.17
616,Williams Elementary School,California,Charter,Elementary,22025.13,53.8,12.8,87.8,61.1,94.0,5.66
617,Smith Middle School,Ohio,Public,Middle,6815.96,40.0,14.0,56.3,62.7,56.5,11.41
618,Gonzalez High School,New York,Private,High,22589.03,64.9,15.9,14.8,94.5,76.3,0.5
619,Hudson High School,Michigan,Private,Middle,11060.5,40.6,20.0,62.9,63.2,86.6,6.96
620,Gay Middle School,North Carolina,Private,High,9267.77,59.4,15.7,16.3,55.9,91.4,0.5
621,Flores Middle School,New York,Charter,Elementary,19996.34,59.3,14.0,46.6,18.4,80.0,2.66
622,Ramos Middle School,North Carolina,Charter,Middle,21648.82,45.8,28.2,51.7,21.7,53.7,9.32
623,Williams Elementary School,Michigan,Public,Elementary,12661.46,50.1,25.7,38.7,48.4,94.3,4.67
624,Medina Elementary School,Ohio,Public,High,13510.04,48.9,18.9,35.2,12.9,76.9,4.68
625,Crawford Elementary School,California,Public,High,8225.48,40.0,24.2,66.8,55.5,64.2,10.1
626,Bridges Elementary School,Georgia,Public,High,17564.01,57.3,15.9,33.4,22.6,81.2,2.82
627,Reed Middle School,North Carolina,Charter,Elementary,20819.92,48.1,16.0,55.9,40.2,52.0,4.66
628,James High School,Illinois,Charter,Middle,18704.15,74.8,12.8,11.4,14.1,88.8,0.5
629,Duran High School,California,Public,Middle,23672.47,49.9,20.7,76.6,59.3,79.6,7.95
630,Schmidt Middle School,Texas,Private,Middle,19281.68,40.0,20.9,76.4,94.6,59.4,12.54
631,Salazar Middle School,Texas,Public,Elementary,15527.4,47.7,17.3,80.4,53.7,65.3,7.21
632,Estrada Middle School,Florida,Private,High,14011.98,59.1,15.2,16.6,89.1,60.8,2.16
633,Jones Middle School,Michigan,Public,High,6429.0,40.0,24.0,42.1,85.3,63.0,8.75
634,Montgomery High School,North Carolina,Private,High,19890.29,40.0,21.2,71.0,31.8,50.4,10.5
635,Jackson Elementary School,Michigan,Charter,High,22400.32,49.6,10.4,91.6,55.4,62.0,8.69
636,Harris Elementary School,Georgia,Charter,Middle,24533.7,61.4,16.4,59.8,94.7,91.4,4.98
637,Russell Middle School,California,Charter,High,16921.39,52.7,15.2,71.2,72.3,93.6,2.44
638,Strickland Elementary School,Illinois,Charter,Elementary,12580.37,40.0,25.0,15.5,49.0,55.4,7.85
639,Porter Middle School,New York,Private,High,21824.91,61.9,12.8,15.7,47.7,51.3,2.46
640,Lewis Elementary School,California,Public,Elementary,22814.68,71.1,10.2,32.0,79.7,88.7,0.5
641,Garrett High School,Ohio,Public,High,21898.02,40.0,28.1,61.4,57.1,63.4,8.57
642,Thompson Elementary School,Illinois,Public,High,18790.12,51.0,16.4,68.3,5.9,58.1,7.55
643,Robles Middle School,California,Public,Middle,15474.18,52.4,13.4,61.7,53.5,56.3,3.92
644,Collins Middle School,Georgia,Private,Middle,10805.01,44.3,27.4,55.3,48.5,97.3,6.49
645,Ibarra High School,Georgia,Charter,Elementary,13074.9,46.7,17.5,73.5,58.1,95.4,3.54
646,Taylor High School,North Carolina,Private,Elementary,16298.02,40.0,26.3,61.4,60.0,56.2,10.82
647,Martinez High School,Texas,Private,Middle,8040.55,40.0,28.1,63.2,93.2,97.0,7.7
648,Hayes Elementary School,Texas,Charter,High,21529.9,53.5,12.5,91.6,24.7,96.6,5.71
649,Copeland Elementary School,California,Private,High,19617.44,54.6,14.0,45.1,41.9,61.0,4.47
650,Estrada Elementary School,California,Charter,Elementary,19772.47,49.7,29.2,32.2,65.8,77.8,5.15
651,Lewis Middle School,Florida,Private,Middle,17981.18,51.2,25.4,84.2,59.1,83.0,7.97
652,Flores High School,Illinois,Charter,High,21396.45,61.0,14.8,25.1,9.7,63.6,3.23
653,Olson Middle School,Ohio,Private,Middle,9336.24,51.5,29.8,16.9,48.6,89.1,3.87
654,Rodriguez High School,Ohio,Charter,Elementary,23706.02,57.7,19.1,48.0,31.3,81.4,2.91
655,Brown High School,North Carolina,Public,Middle,19150.04,57.8,14.4,35.2,10.9,57.7,3.08
656,Taylor Middle School,New York,Private,Elementary,13518.15,40.8,13.6,77.0,10.9,51.4,7.0
657,Cook Middle School,Michigan,Public,High,13214.73,40.0,28.6,58.7,88.1,87.9,8.85
658,King Elementary School,Florida,Private,Elementary,11618.59,41.4,14.9,76.3,60.6,73.6,5.69
659,Vasquez Middle School,New York,Public,Middle,11296.11,48.3,12.8,45.0,79.9,64.5,6.38
660,Perry High School,Georgia,Private,Middle,12574.16,43.3,22.3,57.6,85.1,90.4,6.56
661,Howard High School,Michigan,Charter,Elementary,23231.52,50.1,23.0,77.0,54.6,94.9,9.21
662,Johnson High School,Texas,Charter,High,14722.07,49.1,27.5,28.7,21.1,79.1,3.08
663,Vazquez Elementary School,New York,Public,Elementary,8739.23,40.0,24.6,79.3,13.6,76.7,8.74
664,Gilbert High School,California,Public,Middle,23023.41,58.5,18.1,50.9,52.5,79.8,6.07
665,Jones High School,Florida,Charter,Elementary,18622.82,51.6,14.3,40.9,33.8,55.2,6.55
666,Gomez Elementary School,Georgia,Private,Elementary,13137.96,40.0,22.1,82.4,26.8,72.8,8.43
667,Glover Elementary School,Texas,Public,High,18129.79,40.0,14.9,59.2,94.7,57.4,9.14
668,Green Middle School,Ohio,Charter,Elementary,21341.55,56.1,10.5,80.6,75.0,74.2,6.02
669,Krueger Middle School,Michigan,Private,High,9747.71,48.1,29.4,14.8,15.1,97.8,2.11
670,Byrd Middle School,North Carolina,Private,High,7292.48,40.0,23.5,49.5,57.6,80.5,5.92
671,Williams Middle School,Illinois,Public,Middle,16143.85,40.0,22.7,78.2,56.3,54.7,11.34
672,Lee Elementary School,Texas,Private,High,8963.37,49.7,15.0,16.4,78.4,78.5,0.5
673,Newman Elementary School,North Carolina,Public,High,23961.1,55.0,29.3,22.2,61.9,76.1,4.92
674,Lee Middle School,California,Public,Elementary,6721.91,40.0,10.1,43.4,48.3,69.4,5.06
675,Melton Middle School,Ohio,Public,High,9632.48,49.7,21.7,17.5,26.6,73.6,2.67
676,Massey Middle School,Georgia,Public,High,22534.13,65.0,22.0,53.4,20.8,98.4,0.5
677,Moyer Middle School,Michigan,Charter,High,15446.53,56.7,29.4,47.7,57.0,90.6,6.29
678,Yoder Elementary School,Michigan,Private,Middle,18459.54,43.9,14.0,81.8,65.4,52.7,10.43
679,Conway Middle School,Florida,Private,Middle,5635.94,42.3,16.7,57.7,17.2,84.2,3.78
680,Moore Middle School,North Carolina,Public,High,11340.88,40.0,14.7,61.2,46.6,62.5,7.18
681,Hernandez High School,New York,Private,Elementary,22010.51,61.6,27.4,59.9,13.9,96.5,1.94
682,Watkins High School,New York,Public,High,23783.56,52.5,24.3,55.4,72.9,62.2,7.05
683,Hall High School,Texas,Public,High,17487.74,58.4,24.5,27.2,35.6,77.3,2.57
684,Nicholson Middle School,Texas,Public,Elementary,24864.7,51.6,14.4,67.9,65.7,56.5,9.29
685,Warren Middle School,Florida,Private,High,19064.09,57.9,11.6,61.9,11.0,82.4,1.69
686,Bauer High School,Ohio,Private,Elementary,17791.31,40.0,21.8,89.2,9.7,54.0,12.06
687,Campbell Elementary School,Ohio,Private,High,14008.17,55.6,12.2,50.5,90.7,87.2,2.36
688,Johnson High School,California,Public,High,22924.8,66.5,12.8,64.7,75.3,83.9,3.5
689,Armstrong Elementary School,Ohio,Private,Elementary,6975.95,40.0,25.7,43.6,27.7,54.5,8.56
690,Schultz High School,North Carolina,Charter,Middle,6516.58,40.0,22.6,32.4,60.0,79.6,6.4
691,Ingram Elementary School,Illinois,Private,Middle,5526.79,40.0,15.3,69.9,36.9,67.1,7.04
692,Allen High School,New York,Private,Middle,24335.22,62.6,18.7,52.5,58.5,89.8,0.99
693,Mayer High School,Illinois,Private,High,20829.1,50.4,16.8,88.4,61.8,66.4,7.32
694,Lopez Elementary School,Texas,Charter,High,9036.67,40.0,13.3,79.3,56.9,85.5,5.95
695,Smith Middle School,New York,Charter,High,15462.82,46.7,22.3,71.9,31.4,96.0,4.07
696,King Middle School,Ohio,Private,Middle,6934.54,40.0,10.7,53.5,57.7,54.2,7.65
697,Miller Elementary School,California,Charter,Elementary,18039.27,43.2,19.3,15.8,81.5,62.4,4.63
698,Marshall Middle School,Pennsylvania,Charter,High,9611.13,40.0,27.3,15.7,35.8,73.2,7.96
699,Adkins Elementary School,California,Private,Elementary,20925.91,46.5,13.5,87.2,54.9,69.3,6.11
700,Roberts Elementary School,Georgia,Private,Elementary,7741.87,44.6,12.0,13.2,29.6,56.7,3.17
701,Dickerson Middle School,Michigan,Public,High,5073.28,44.9,19.8,52.9,56.3,95.4,2.93
702,Marsh High School,Ohio,Private,High,17092.9,60.3,14.3,29.5,5.1,80.9,0.5
703,Davis Middle School,Texas,Charter,Middle,6879.91,40.0,19.3,85.1,13.1,95.4,6.56
704,White Elementary School,Ohio,Public,High,22187.46,61.0,23.9,51.5,43.9,98.4,0.5
705,Johnson High School,Illinois,Public,Elementary,5813.21,47.8,26.7,10.3,33.7,87.3,2.61
706,Short High School,California,Public,Middle,23861.46,59.8,10.4,70.3,53.3,85.6,5.51
707,Martinez Elementary School,California,Private,Elementary,12807.55,52.0,13.7,10.3,62.0,76.9,0.5
708,Jordan Elementary School,California,Private,Elementary,13691.27,49.5,25.1,51.0,37.8,88.6,5.35
709,Nichols High School,Florida,Private,Middle,12467.68,57.8,12.3,15.9,8.5,80.1,0.5
710,Johnson Elementary School,Pennsylvania,Private,Elementary,20814.24,52.7,11.8,72.7,93.0,63.9,7.18
711,Castro Middle School,Georgia,Public,High,10819.98,40.0,29.3,90.4,26.9,71.9,10.74
712,Schmidt High School,New York,Private,Middle,18101.72,47.3,26.9,57.2,43.4,69.0,5.46
713,Parks Middle School,Georgia,Private,Middle,14851.28,45.6,12.1,30.6,30.2,52.5,5.43
714,Moody Middle School,Texas,Private,Middle,10618.98,43.6,10.0,61.4,15.6,61.5,5.58
715,Munoz Elementary School,Pennsylvania,Public,Elementary,9059.75,40.0,10.8,49.9,23.8,52.2,5.19
716,Horton Elementary School,Michigan,Charter,Elementary,15696.28,43.8,21.6,60.8,59.8,87.4,6.41
717,Cain Elementary School,Ohio,Charter,Elementary,21572.96,47.8,25.7,38.8,47.0,73.7,5.33
718,Johnson Elementary School,California,Charter,Middle,7316.46,43.4,27.9,19.5,20.9,77.0,3.88
719,Anderson High School,Georgia,Charter,High,13078.91,47.5,27.4,39.3,48.2,95.7,5.0
720,Mays Elementary School,North Carolina,Private,Middle,18735.52,42.9,15.9,83.1,36.0,67.1,6.94
721,Johnson High School,Illinois,Charter,High,8084.24,45.7,25.8,34.8,19.0,96.5,4.36
722,Cooper High School,California,Charter,High,18473.01,58.2,25.2,14.2,35.9,67.6,1.64
723,Chan Middle School,Texas,Private,Elementary,18311.57,40.0,19.9,78.2,40.6,81.0,7.15
724,Cunningham Middle School,Pennsylvania,Charter,Elementary,10297.04,40.0,21.4,17.5,51.4,52.9,8.73
725,Moreno Elementary School,California,Charter,Middle,16083.28,44.0,25.7,45.1,59.9,81.1,7.79
726,Wallace High School,Illinois,Private,Elementary,20166.99,55.0,27.0,52.8,27.9,70.8,6.72
727,Mendoza High School,Illinois,Public,High,21077.05,44.9,27.3,72.7,77.7,70.0,9.21
728,Roth Middle School,Ohio,Private,High,12536.09,41.9,12.4,91.1,40.3,64.1,8.34
729,Herrera High School,Florida,Public,Elementary,9510.39,40.0,29.3,59.6,74.9,97.1,7.5
730,Reyes High School,New York,Charter,Elementary,24922.85,59.6,29.1,45.3,24.2,100.0,3.01
731,Wall Middle School,Georgia,Private,Middle,7800.82,40.0,22.3,62.9,17.9,64.9,8.25
732,Smith Middle School,North Carolina,Charter,Elementary,20107.43,59.4,10.4,42.9,29.3,65.5,2.58
733,Griffin Elementary School,New York,Public,Middle,9401.94,40.0,20.5,51.5,33.6,56.0,8.03
734,Walsh Elementary School,Ohio,Charter,Elementary,20483.36,46.4,20.0,73.5,46.2,64.5,6.98
735,Hanson Middle School,Pennsylvania,Charter,Elementary,20276.76,49.4,28.9,36.4,21.2,60.5,6.5
736,Dodson Middle School,Georgia,Private,Elementary,7874.76,51.6,13.4,17.1,31.8,80.4,1.58
737,Moore Middle School,Florida,Charter,Elementary,22776.05,57.3,17.8,77.6,64.3,79.4,4.74
738,Coleman Elementary School,Ohio,Charter,High,5426.77,40.0,21.7,75.0,20.8,76.5,7.88
739,Cox Middle School,Georgia,Private,Middle,13169.93,40.0,17.4,80.9,50.0,76.6,7.31
740,Rhodes High School,Illinois,Public,Middle,5349.32,40.0,25.9,28.7,37.2,53.7,7.98
741,Mack Elementary School,Michigan,Private,Middle,10012.77,49.7,26.0,33.4,47.6,91.4,3.25
742,Warren High School,Ohio,Public,High,21720.19,67.5,15.2,37.8,88.8,87.4,3.12
743,Davis Elementary School,Illinois,Charter,High,16668.52,43.6,21.4,74.3,58.2,87.5,7.88
744,Terry Middle School,Pennsylvania,Charter,Elementary,9093.76,40.0,12.8,54.4,48.4,78.3,3.48
745,Best Elementary School,Florida,Private,Elementary,23796.79,57.6,17.4,68.1,26.5,72.4,6.26
746,Adkins Elementary School,Ohio,Charter,High,12796.86,40.0,10.4,93.0,47.7,52.9,9.25
747,Maynard Middle School,Texas,Charter,High,21695.65,65.7,21.0,25.2,73.2,74.7,1.95
748,Coleman Middle School,North Carolina,Charter,High,23980.01,52.3,20.2,67.6,75.2,61.9,8.91
749,Crawford Elementary School,Georgia,Charter,Elementary,18328.9,50.6,15.1,87.6,50.9,89.2,5.48
750,Dean Elementary School,Florida,Private,Middle,19137.66,50.7,10.7,94.1,81.6,93.4,6.96
751,Morton Middle School,Ohio,Charter,Middle,6434.33,40.0,26.8,72.9,45.3,79.0,8.27
752,Hernandez Elementary School,North Carolina,Private,High,6293.02,40.0,29.2,53.7,23.1,95.1,5.35
753,Williams Elementary School,North Carolina,Private,High,16756.21,43.0,26.2,47.4,70.6,80.6,6.29
754,Pineda Elementary School,Ohio,Charter,Elementary,12068.6,62.6,16.6,46.6,41.9,99.9,0.5
755,Ramirez Elementary School,Florida,Private,Elementary,11967.01,46.8,26.7,84.8,13.0,89.6,9.06
756,Rodriguez Middle School,Texas,Charter,High,20136.95,68.6,17.5,25.9,68.1,92.4,0.59
757,Rodriguez Elementary School,Florida,Public,High,16615.54,40.0,24.7,59.1,84.3,68.1,11.6
758,Bates High School,Michigan,Private,Elementary,7551.26,40.0,12.4,73.1,16.1,59.0,10.47
759,Barnes Middle School,Texas,Public,High,5012.97,40.7,12.2,70.1,19.5,77.0,4.43
760,Hawkins Middle School,Texas,Public,Elementary,5992.29,40.0,23.8,44.8,38.7,66.7,7.53
761,Mitchell Middle School,Pennsylvania,Charter,High,21954.31,69.1,16.4,10.2,46.0,69.5,0.5
762,Williams Middle School,Texas,Public,Elementary,10604.13,43.9,29.9,11.1,35.1,66.8,4.57
763,Daniel High School,Michigan,Private,Elementary,10374.24,54.0,12.3,68.6,38.0,99.9,1.56
764,Barker Middle School,Texas,Private,Elementary,20259.76,50.9,13.1,75.3,89.9,63.8,6.71
765,Taylor Middle School,Ohio,Charter,Middle,21980.48,65.4,12.5,70.8,6.8,91.2,0.5
766,King High School,New York,Public,Middle,15695.71,48.3,17.2,49.4,83.3,98.1,3.25
767,Vaughn High School,North Carolina,Public,Elementary,15299.65,48.9,10.9,72.7,11.2,66.1,4.26
768,Campbell Elementary School,North Carolina,Public,Elementary,12561.65,40.0,28.8,25.9,62.4,67.0,8.39
769,Smith High School,Texas,Public,Elementary,19044.08,42.8,12.4,88.0,16.3,61.4,7.33
770,Bartlett Elementary School,Florida,Public,High,9315.84,45.3,19.8,22.7,52.2,52.6,9.4
771,Fields High School,Michigan,Charter,High,5284.34,40.0,14.3,93.3,76.9,83.9,7.93
772,Salinas Elementary School,Florida,Charter,Middle,11150.33,50.6,23.3,21.4,65.6,75.3,4.18
773,Barrett Middle School,Ohio,Public,Elementary,20194.4,53.7,17.0,54.4,59.2,68.7,4.14
774,Martin Elementary School,Georgia,Public,Middle,24698.58,59.5,29.4,32.8,18.0,59.8,7.98
775,Coleman Elementary School,Texas,Charter,Middle,18756.66,50.0,18.3,77.2,8.2,73.3,8.02
776,Frazier Middle School,Florida,Private,Middle,18537.68,58.3,10.6,67.6,89.8,91.8,3.67
777,Pope Middle School,Texas,Charter,High,18634.95,57.1,11.4,49.0,75.9,92.8,0.5
778,Price High School,Georgia,Charter,Elementary,13650.99,52.6,16.6,36.6,40.5,75.8,3.47
779,Soto Elementary School,Texas,Public,High,14749.42,49.6,16.1,57.5,20.6,73.9,3.54
780,Carpenter Elementary School,Texas,Private,Middle,15301.67,47.5,14.3,24.2,45.5,63.5,5.36
781,Smith Elementary School,Georgia,Charter,Elementary,14688.29,53.7,11.5,87.7,13.5,97.1,4.48
782,Bennett Elementary School,Florida,Private,High,20599.08,51.5,27.1,59.6,28.3,82.3,6.49
783,Ward Elementary School,Illinois,Private,Middle,21072.23,62.4,16.3,52.9,88.5,76.0,1.5
784,Scott High School,Illinois,Public,Middle,14402.65,58.1,14.8,27.1,13.2,70.5,0.5
785,Lopez High School,Texas,Private,Elementary,6490.93,40.0,14.0,81.8,51.5,84.5,7.75
786,Adams Elementary School,Georgia,Public,Elementary,17372.59,44.7,25.4,66.8,41.6,71.8,10.06
787,Sherman Elementary School,Michigan,Public,High,14834.83,45.5,12.4,62.3,90.5,67.5,8.3
788,Nguyen Elementary School,Illinois,Private,High,11838.63,40.0,24.8,87.9,92.9,92.3,7.71
789,Francis Elementary School,Georgia,Charter,Elementary,5292.17,40.0,21.1,71.4,16.2,68.6,8.76
790,Johnson Middle School,Michigan,Private,Elementary,13184.84,47.0,14.6,49.7,60.0,73.5,6.27
791,Davis High School,Pennsylvania,Charter,High,24807.06,57.6,17.6,25.4,56.7,59.4,1.99
792,Garcia Middle School,Pennsylvania,Charter,Middle,18513.04,42.9,24.2,19.4,64.2,54.2,6.95
793,Mcbride Middle School,Ohio,Public,High,10827.48,48.3,10.9,50.1,70.8,73.5,4.75
794,Peterson Middle School,North Carolina,Public,Elementary,10617.23,46.2,19.6,62.3,93.4,97.5,5.04
795,Walker Elementary School,Georgia,Public,Elementary,14245.78,40.0,21.6,78.9,27.5,68.7,7.09
796,Robles Middle School,Georgia,Public,Elementary,22130.92,50.3,25.6,32.1,13.9,50.7,6.47
797,Kelly Middle School,California,Public,Middle,10080.15,51.9,16.8,60.6,40.2,95.4,2.88
798,Jones High School,Pennsylvania,Public,High,12233.55,40.0,22.2,91.2,39.4,56.6,11.69
799,Reeves High School,California,Charter,Elementary,9228.96,57.3,13.2,32.4,33.5,91.0,0.5
800,Wilson Middle School,Illinois,Private,Middle,6616.41,40.0,20.3,60.9,77.1,78.7,7.07
801,Coleman Elementary School,California,Charter,Elementary,8097.28,40.0,24.3,73.5,39.1,65.9,9.88
802,Donaldson Elementary School,Michigan,Charter,High,17521.06,40.6,20.6,66.7,8.4,60.3,9.06
803,Patton High School,Florida,Public,Elementary,21347.79,62.9,14.6,33.3,71.4,78.1,1.54
804,Cross Middle School,North Carolina,Private,High,12504.64,46.8,29.1,55.6,18.0,94.3,5.02
805,Oliver Elementary School,Texas,Charter,High,8727.32,43.6,13.7,75.8,18.3,68.7,7.05
806,Wilkinson Elementary School,Pennsylvania,Charter,High,5028.53,40.0,26.1,11.9,63.4,64.2,3.71
807,Reynolds High School,New York,Private,Middle,20641.87,58.8,14.0,51.6,88.2,86.2,3.76
808,Bonilla High School,California,Private,Middle,7479.13,40.0,13.0,70.2,30.8,89.6,4.87
809,Guzman Middle School,North Carolina,Private,Elementary,24000.94,56.5,24.6,54.9,41.5,82.5,5.29
810,Davis High School,Michigan,Charter,Middle,20185.79,53.4,13.6,57.6,68.6,65.0,7.01
811,Stephens High School,Georgia,Public,Middle,15817.99,53.4,13.6,28.8,91.1,75.2,0.64
812,Jones Elementary School,Michigan,Public,Middle,7174.01,40.0,22.9,63.1,46.2,98.5,3.33
813,Foster High School,Michigan,Private,Middle,23419.35,58.4,19.0,37.0,11.2,56.6,4.81
814,Johnson Middle School,Illinois,Private,High,12704.62,40.0,21.0,63.7,32.6,53.2,9.62
815,English Middle School,Illinois,Private,High,8405.16,40.0,22.6,88.7,94.9,91.6,9.56
816,Hansen High School,Michigan,Private,Elementary,16344.78,40.8,14.0,87.3,74.8,57.4,9.91
817,Williams High School,Georgia,Public,Middle,18579.7,44.1,25.4,69.7,83.4,82.4,9.47
818,Moore Elementary School,North Carolina,Charter,Elementary,6709.35,40.0,12.5,64.4,69.3,77.9,7.37
819,Hughes Elementary School,California,Charter,High,7680.31,40.0,13.3,62.9,67.6,50.8,9.54
820,Rivers Middle School,Georgia,Charter,Middle,17958.56,48.3,25.3,35.5,56.6,83.6,4.53
821,Bright Middle School,Pennsylvania,Charter,High,11358.76,40.0,29.8,20.0,55.0,64.5,4.68
822,Fuller Elementary School,Texas,Charter,Middle,9948.5,47.5,25.2,31.0,42.0,74.7,6.06
823,Craig Elementary School,Ohio,Private,Middle,18648.87,54.6,29.9,12.2,52.4,96.6,3.35
824,Hernandez Elementary School,Florida,Private,Elementary,18473.37,47.0,11.3,45.9,36.6,65.1,5.22
825,Johnson High School,Florida,Public,Elementary,18820.76,44.8,12.0,44.9,30.3,52.5,4.81
826,Perry Middle School,Georgia,Public,High,15399.8,48.7,18.0,11.7,85.3,55.8,5.6
827,Spears High School,California,Private,High,20844.2,59.0,12.7,65.4,53.8,83.7,4.61
828,Beltran Middle School,Ohio,Public,Middle,17323.96,58.4,14.3,32.1,64.4,83.3,3.42
829,Turner Middle School,New York,Charter,High,6507.51,48.5,18.1,15.0,60.1,74.5,1.67
830,Levine High School,Pennsylvania,Private,Elementary,5182.94,40.0,26.2,25.8,69.3,65.5,6.87
831,Saunders High School,California,Public,Middle,18054.73,52.3,21.6,66.3,24.9,81.9,6.59
832,Proctor High School,Michigan,Charter,Elementary,17070.06,63.6,15.6,17.7,78.8,75.9,1.23
833,Kerr High School,Ohio,Charter,High,18410.36,41.1,25.6,63.4,66.1,76.5,7.41
834,Williamson Middle School,California,Public,Middle,20255.19,52.4,24.0,41.0,43.1,75.9,5.61
835,Medina Elementary School,Pennsylvania,Public,Elementary,6038.48,40.0,17.1,77.8,64.7,75.1,9.12
836,Barajas Elementary School,Texas,Private,Elementary,13203.13,40.0,28.7,58.4,11.5,55.4,10.21
837,Reynolds High School,Michigan,Charter,Middle,9151.9,40.0,17.4,68.9,86.5,58.1,10.18
838,Collins Elementary School,New York,Private,Middle,23248.31,47.8,25.8,94.9,73.9,65.2,11.62
839,Sherman Middle School,Georgia,Charter,High,10382.46,51.7,28.8,32.8,82.2,96.4,5.99
840,Morgan High School,North Carolina,Public,Elementary,13427.71,40.0,26.4,63.6,16.8,52.4,9.38
841,Patton Elementary School,Ohio,Charter,Elementary,21123.49,59.1,20.5,31.9,57.9,54.2,4.77
842,Combs Elementary School,California,Public,Elementary,12236.77,44.9,13.9,79.6,57.7,84.3,6.39
843,Yang Middle School,Florida,Charter,High,5628.65,40.0,21.8,26.5,53.2,52.5,8.35
844,Campbell Elementary School,Pennsylvania,Public,Elementary,19360.48,63.2,23.2,11.1,60.8,95.3,0.5
845,Baxter Elementary School,Texas,Public,Elementary,12502.42,40.0,27.9,64.6,71.3,67.7,8.83
846,Manning High School,California,Public,Middle,11117.09,49.4,12.4,79.3,10.7,88.5,1.8
847,Evans Middle School,Pennsylvania,Public,Elementary,7815.52,57.8,15.6,65.5,46.9,96.9,2.87
848,Green Elementary School,Michigan,Public,Middle,6321.66,44.6,11.1,66.3,19.3,77.2,3.38
849,Ford Elementary School,California,Public,Elementary,24000.27,63.0,28.0,20.4,58.4,98.1,0.83
850,Greene Middle School,New York,Charter,Middle,17863.23,43.5,28.5,92.9,81.2,84.8,11.72
851,Hardin High School,Florida,Public,Elementary,12750.15,40.0,28.0,92.9,25.6,71.4,10.63
852,Zimmerman Middle School,New York,Private,Middle,20593.34,58.2,15.8,37.2,22.2,73.2,2.72
853,Brooks High School,Texas,Charter,Middle,7349.01,40.0,22.0,81.7,17.9,61.5,9.78
854,Gutierrez Elementary School,Pennsylvania,Charter,Middle,19922.05,43.1,18.6,69.8,65.1,50.8,11.03
855,Gonzalez High School,Illinois,Charter,Elementary,20346.75,57.1,23.7,28.5,54.8,76.1,4.37
856,Green Middle School,Ohio,Public,Middle,11147.97,49.4,28.2,22.2,47.9,96.7,1.93
857,Lin Elementary School,Ohio,Private,Elementary,7505.28,40.0,23.5,74.4,90.7,65.3,10.73
858,Glass Middle School,Texas,Private,High,9729.22,40.0,27.0,34.9,60.7,58.4,9.82
859,Smith High School,Michigan,Private,High,13447.18,40.0,24.6,81.8,75.1,54.3,13.01
860,Bell Middle School,Illinois,Charter,Middle,9377.88,40.0,18.6,64.3,7.5,56.6,6.68
861,Simon Elementary School,Ohio,Public,High,21710.98,47.6,16.8,86.6,33.4,73.2,8.66
862,Parker High School,North Carolina,Private,High,15871.92,48.4,22.6,41.0,41.5,91.9,2.3
863,Griffin Middle School,Texas,Charter,Middle,9859.65,50.5,13.0,22.7,52.5,77.2,3.39
864,Hughes Elementary School,Michigan,Private,High,7493.49,40.0,21.2,62.7,17.8,76.2,8.22
865,Brock Middle School,Illinois,Public,Middle,7053.01,45.8,17.6,18.4,42.5,86.7,1.94
866,Martin Elementary School,Pennsylvania,Private,Middle,5145.76,40.0,19.7,48.3,68.2,60.8,8.28
867,Casey Middle School,Illinois,Public,High,14079.89,40.0,22.4,84.9,66.2,92.3,8.12
868,Acevedo Elementary School,Texas,Public,Middle,21953.97,51.5,20.8,62.2,18.0,68.4,7.32
869,Goodwin Elementary School,Ohio,Public,Middle,5409.79,40.0,12.4,82.5,36.6,58.2,8.55
870,Torres Middle School,Texas,Public,High,9310.7,40.0,22.5,64.7,7.5,55.4,9.57
871,Foster Middle School,Texas,Private,Middle,6262.58,41.5,13.4,56.3,66.9,81.2,6.3
872,King High School,Michigan,Private,Elementary,10171.44,51.7,10.3,39.2,24.3,92.5,0.5
873,Allen High School,Pennsylvania,Charter,Middle,15261.23,46.6,27.6,81.8,66.5,98.4,7.15
874,Patrick Middle School,Illinois,Private,Elementary,21126.13,65.0,10.5,45.9,85.7,91.3,0.5
875,Russell High School,Florida,Charter,Middle,17607.74,40.3,14.3,50.4,85.6,60.2,6.27
876,Jones Elementary School,North Carolina,Private,Middle,24763.37,46.0,12.0,82.2,29.7,55.2,6.26
877,Dennis Middle School,Ohio,Charter,Middle,9293.89,40.0,17.5,42.1,84.1,50.6,9.37
878,Cooper Elementary School,California,Public,High,13869.84,44.9,27.6,31.4,67.0,80.9,7.96
879,Ramos Middle School,Texas,Charter,Middle,15504.27,40.1,27.0,66.1,72.9,77.0,11.15
880,Melendez Middle School,Pennsylvania,Public,High,18768.56,59.8,10.9,78.8,8.6,92.7,0.5
881,Smith High School,Ohio,Private,High,5311.0,40.0,27.6,56.8,46.2,63.0,10.56
882,Mckay Elementary School,Pennsylvania,Public,Elementary,20275.54,59.5,15.0,40.4,30.0,61.3,5.46
883,Lane Elementary School,Illinois,Charter,Middle,18930.9,51.1,15.3,79.2,69.1,96.6,4.46
884,Jacobs Elementary School,Florida,Public,High,16799.38,41.2,11.8,65.1,85.4,60.5,8.23
885,Vazquez Elementary School,Florida,Private,Elementary,24569.3,55.2,21.5,40.9,5.3,65.4,2.21
886,Nichols Middle School,North Carolina,Charter,Elementary,10307.57,40.0,21.5,49.8,82.8,65.2,8.74
887,Hill High School,Pennsylvania,Private,Elementary,11102.97,58.4,15.9,21.9,69.9,89.3,0.5
888,Hill Elementary School,New York,Public,Middle,6779.95,45.2,13.1,53.3,6.7,88.3,2.91
889,Vasquez Middle School,California,Public,Elementary,21735.99,46.5,27.5,45.8,90.1,96.1,3.83
890,Wright High School,New York,Charter,High,11241.62,40.0,17.0,11.4,30.8,53.6,5.22
891,Goodwin Middle School,Georgia,Charter,Elementary,21005.39,42.1,27.7,83.8,40.2,77.2,11.34
892,Downs Middle School,Pennsylvania,Public,High,17392.29,60.5,24.0,18.0,8.6,97.7,0.5
893,Sanchez High School,California,Private,Middle,9212.64,41.0,12.8,64.0,60.5,78.7,4.55
894,Edwards Middle School,Michigan,Charter,High,8253.69,48.1,10.3,10.9,91.5,68.8,0.5
895,Brown Middle School,Illinois,Private,Elementary,14768.73,61.3,11.2,36.0,15.0,94.3,0.5
896,Shelton High School,New York,Charter,Elementary,10424.44,40.7,26.3,43.9,76.0,70.8,7.44
897,Thompson High School,Texas,Charter,Elementary,9221.91,40.0,14.4,21.2,56.7,54.3,3.42
898,Klein High School,Texas,Private,Middle,6485.08,40.0,18.9,79.2,23.4,69.5,9.18
899,Martin High School,Pennsylvania,Private,High,6122.9,44.0,16.8,28.0,70.9,77.7,3.31
900,Martin Elementary School,Ohio,Private,High,23421.96,50.2,22.0,65.0,54.3,83.0,5.08
901,Hart High School,Georgia,Charter,Middle,20289.75,61.9,15.5,59.3,39.6,90.6,1.72
902,Walker Middle School,Illinois,Public,Middle,12136.25,40.0,21.2,39.2,85.9,60.0,9.38
903,Martin Elementary School,Ohio,Charter,High,9360.59,40.0,18.9,40.8,68.7,64.3,7.71
904,Andrews Middle School,Florida,Public,Middle,18697.17,72.2,10.5,27.9,91.4,95.5,0.5
905,Rice Middle School,Michigan,Charter,High,12300.19,40.0,15.3,53.7,60.1,56.0,8.7
906,Garcia Elementary School,North Carolina,Public,Elementary,16047.92,48.1,25.1,92.9,31.6,78.0,8.08
907,Dunn High School,Michigan,Private,Elementary,23670.41,62.3,11.7,29.0,40.5,60.3,2.25
908,Mueller High School,New York,Private,Elementary,23171.27,62.6,13.2,43.8,19.6,85.7,0.89
909,Miller Elementary School,Illinois,Charter,Middle,11008.01,47.5,17.9,28.6,18.9,68.5,3.08
910,Jarvis Middle School,North Carolina,Private,Middle,15577.66,40.0,27.9,68.8,48.0,76.5,9.92
911,Jackson Elementary School,Illinois,Public,Middle,9524.96,40.0,11.0,83.9,94.7,60.8,8.79
912,Farley Middle School,Texas,Charter,High,15227.4,43.6,14.5,65.6,32.7,51.3,8.92
913,Chen High School,Ohio,Public,Elementary,24487.67,76.4,11.5,40.2,26.7,97.5,0.5
914,Snyder Elementary School,Michigan,Charter,Middle,16149.46,48.2,26.6,46.6,11.8,85.6,1.4
915,Young Elementary School,Pennsylvania,Public,Middle,14987.76,56.1,11.4,43.7,69.1,72.8,4.69
916,Deleon High School,Texas,Public,High,8502.16,45.1,15.0,38.7,72.8,65.8,1.8
917,Reese Middle School,Georgia,Private,Elementary,6110.34,48.2,11.3,26.4,32.2,60.9,2.36
918,Nguyen Elementary School,Ohio,Private,Elementary,21551.26,58.5,13.7,19.9,75.7,51.0,5.12
919,Kline Elementary School,Florida,Public,Elementary,23806.61,64.0,25.2,56.3,42.1,87.9,3.82
920,Sanchez Middle School,California,Charter,Middle,16633.12,42.6,28.1,58.1,57.9,99.2,4.49
921,Kelley High School,New York,Private,High,11798.04,41.3,17.5,48.9,38.7,64.5,5.29
922,Briggs Middle School,California,Private,High,6927.49,40.0,29.7,48.3,17.7,82.7,8.12
923,Daniels High School,Georgia,Private,Middle,16080.69,41.3,14.3,66.1,81.4,51.6,7.18
924,Rice Middle School,Ohio,Public,High,24366.72,69.1,15.5,23.7,52.6,91.2,0.5
925,Whitaker Elementary School,Florida,Private,Elementary,7629.57,43.9,15.8,60.7,73.8,98.1,4.22
926,Garza Middle School,Texas,Private,Elementary,12901.02,47.8,15.3,59.2,16.7,50.1,5.91
927,Cook High School,Michigan,Public,High,16569.84,42.4,11.4,71.9,53.9,50.2,8.15
928,Ward Elementary School,North Carolina,Private,High,17018.49,55.2,15.5,55.5,91.8,88.1,2.82
929,Thomas Middle School,Ohio,Private,High,19992.39,40.7,16.4,79.9,82.7,50.9,12.2
930,Fox Middle School,California,Public,High,10149.31,45.4,15.0,18.7,65.5,61.0,5.05
931,Blackwell Middle School,Illinois,Charter,High,5964.16,40.0,26.5,28.3,11.5,69.5,3.78
932,Williams High School,New York,Private,Middle,18840.33,58.0,17.6,16.4,51.0,63.1,2.26
933,Hunter Elementary School,New York,Charter,High,8740.17,41.6,28.2,68.0,42.5,91.7,6.57
934,Taylor Elementary School,California,Public,High,19537.49,69.7,11.8,51.2,36.4,90.0,1.77
935,Middleton High School,Pennsylvania,Private,Elementary,15051.48,48.0,16.0,87.5,12.6,80.5,4.98
936,Boyd Elementary School,Michigan,Public,Middle,16280.13,46.2,12.2,93.8,88.1,74.4,10.57
937,Griffin High School,Florida,Private,Middle,21788.53,48.7,10.8,89.5,8.0,64.3,7.14
938,Barnett High School,Florida,Charter,Elementary,18401.05,56.7,18.5,46.9,41.9,86.5,1.57
939,Fuller High School,Florida,Charter,Middle,7323.13,40.0,12.7,74.5,72.5,52.6,8.88
940,Hudson Middle School,Pennsylvania,Private,Elementary,20102.49,65.7,16.1,27.0,37.4,79.2,0.5
941,Chase Middle School,New York,Charter,Middle,19276.61,65.2,11.0,39.2,46.2,88.2,0.5
942,Jackson Elementary School,Texas,Charter,High,20835.75,51.2,19.3,69.5,32.4,58.6,8.2
943,Baker Middle School,North Carolina,Charter,High,8864.83,44.1,17.1,30.4,47.6,64.8,3.44
944,Freeman Elementary School,Ohio,Private,High,11292.73,45.2,20.0,49.5,31.5,63.3,4.13
945,Ashley Elementary School,California,Charter,Elementary,18816.21,56.5,16.2,46.4,29.3,72.1,3.22
946,Johnson Middle School,New York,Public,Elementary,15922.25,56.1,16.9,55.5,7.4,94.5,0.5
947,Burns Elementary School,Texas,Private,High,17230.94,58.8,12.0,69.3,35.5,92.1,1.66
948,Ruiz High School,Illinois,Charter,Middle,19174.77,43.3,11.7,76.2,29.9,78.5,4.76
949,Johnson High School,Florida,Public,Elementary,12324.46,46.3,10.6,59.6,75.3,68.2,4.9
950,Evans High School,Illinois,Public,High,10223.65,40.0,14.3,87.2,68.3,54.3,13.17
951,Henderson Elementary School,Ohio,Private,Middle,17219.41,40.0,27.0,31.3,78.4,63.2,8.22
952,Thompson High School,North Carolina,Charter,High,9966.62,41.5,19.0,71.6,61.6,83.0,7.6
953,Williams High School,Florida,Public,Middle,13896.1,49.4,13.1,48.1,72.4,68.3,3.02
954,Fleming Elementary School,Texas,Public,Middle,20653.17,46.3,18.6,65.7,25.0,65.5,6.51
955,Wilcox High School,California,Public,Middle,23652.5,62.6,18.1,48.6,33.2,91.4,2.03
956,Lopez Middle School,Pennsylvania,Public,Elementary,22037.91,55.9,29.7,64.2,41.4,81.7,5.92
957,Odonnell Elementary School,Texas,Charter,Elementary,24905.29,60.3,29.0,46.8,34.3,96.3,4.66
958,Steele Elementary School,Texas,Charter,Middle,5938.2,51.4,18.0,43.3,76.8,92.2,1.8
959,Sanchez Elementary School,Florida,Private,Elementary,17574.9,46.5,13.9,74.6,71.5,67.1,7.47
960,Fowler High School,North Carolina,Public,Elementary,10657.23,52.4,17.8,30.8,10.8,81.7,1.12
961,Wolf Elementary School,Michigan,Public,Elementary,23162.29,61.8,22.6,80.6,36.5,88.5,5.86
962,Patel Elementary School,Georgia,Charter,High,20744.05,56.4,11.7,80.1,13.3,74.4,4.16
963,Obrien Elementary School,New York,Public,Elementary,23370.98,54.4,16.2,64.3,90.5,84.3,4.99
964,Cunningham High School,Georgia,Private,High,15405.36,51.0,14.3,83.9,41.6,93.9,4.63
965,Hernandez High School,New York,Charter,Middle,17893.28,53.5,24.2,29.2,66.5,82.2,3.05
966,Brown Elementary School,California,Public,High,21381.93,57.0,14.6,61.7,35.4,92.1,3.23
967,Burns Elementary School,Florida,Charter,Elementary,5618.49,40.0,18.4,69.8,30.2,88.5,6.3
968,Graham High School,Ohio,Public,High,6988.88,40.0,18.3,13.6,59.3,59.6,4.87
969,Fisher Middle School,Michigan,Private,Middle,8091.47,40.0,21.1,77.7,55.1,59.3,10.09
970,Castro High School,Ohio,Charter,Middle,5955.35,44.9,24.6,20.5,70.5,98.6,3.57
971,Burton Middle School,Texas,Private,Elementary,5473.56,40.0,12.2,92.8,81.9,88.0,7.42
972,Flores High School,Ohio,Public,Middle,19512.19,64.3,18.2,28.6,59.6,98.6,0.5
973,Hensley Middle School,Florida,Public,Elementary,13311.58,60.6,15.2,29.7,12.8,94.9,0.5
974,Warner Middle School,Pennsylvania,Private,Elementary,20784.6,56.7,21.7,27.6,64.4,65.6,6.64
975,Armstrong High School,Ohio,Private,High,23530.06,52.6,11.8,74.6,14.3,62.1,4.54
976,Campos Middle School,North Carolina,Charter,Elementary,24955.96,55.3,19.4,30.7,9.3,53.7,5.55
977,Williamson Elementary School,North Carolina,Charter,Middle,8214.13,50.1,12.0,37.3,82.0,78.8,0.87
978,Lewis Middle School,Illinois,Public,High,15368.29,49.3,21.9,59.6,80.3,99.7,5.11
979,Wallace Middle School,Florida,Charter,Middle,12663.93,40.0,22.1,39.1,50.8,54.8,9.97
980,Carr Middle School,Georgia,Private,Elementary,18270.33,46.6,26.4,86.5,65.2,89.7,9.46
981,Love High School,Pennsylvania,Charter,Elementary,8897.71,40.0,29.8,77.3,34.9,71.9,10.86
982,Harrington Elementary School,Illinois,Charter,High,10501.83,40.0,28.3,50.1,71.7,55.6,9.87
983,Fisher Elementary School,Texas,Public,Elementary,21767.23,51.9,17.1,61.8,7.3,52.4,7.12
984,Sloan Elementary School,New York,Charter,High,24978.15,64.2,16.9,83.9,88.2,99.8,4.15
985,Jones High School,Ohio,Public,Middle,12826.59,40.0,15.6,71.4,71.5,54.1,8.91
986,Guerra Elementary School,Pennsylvania,Private,Elementary,7391.47,47.1,18.7,25.1,17.2,73.9,2.65
987,Ramirez High School,Texas,Private,High,18936.17,48.8,19.4,25.7,22.4,61.4,4.6
988,Garrison High School,Ohio,Private,Elementary,22322.2,52.0,29.8,48.5,40.1,72.1,6.31
989,Salas High School,California,Public,High,11249.38,40.0,28.1,60.8,47.5,60.5,9.42
990,Martinez Middle School,Pennsylvania,Public,Middle,18776.09,40.0,25.5,39.4,89.7,50.9,8.32
991,Lewis Elementary School,Michigan,Charter,Middle,24981.81,57.5,22.3,66.7,92.4,76.9,7.67
992,Ortiz Elementary School,Illinois,Charter,Middle,10336.9,41.0,24.2,52.0,84.6,68.3,9.42
993,Rodriguez High School,Georgia,Private,Elementary,23066.08,56.9,21.1,86.8,52.0,73.3,8.46
994,Ray Middle School,Illinois,Charter,Elementary,19133.75,66.8,17.6,44.0,7.0,89.0,1.76
995,Wright Elementary School,Ohio,Public,Middle,7529.05,40.0,25.5,70.0,33.7,62.7,10.21
996,Hale High School,Ohio,Charter,Elementary,8775.63,40.9,18.3,12.9,61.0,50.5,6.24
997,Herrera Elementary School,Georgia,Public,High,24440.93,71.7,19.2,24.8,49.1,89.3,0.5
998,Combs High School,New York,Private,Middle,23947.18,56.2,25.2,16.7,51.1,55.8,5.08
999,Buckley Elementary School,Illinois,Private,Elementary,6459.87,40.0,17.0,73.6,48.4,64.0,8.22
1000,Berg Elementary School,Illinois,Private,Elementary,15471.48,64.3,10.9,31.1,83.9,94.2,2.15
